_orig_id	title	lang_detected	lang_meta_detected	lang_content_detected	Semantic_Precision	Content_Richness	Cross_Field_Consistency	Linguistic_Integrity	Coherence_Score	Total_Score	sp_title	sp_desc	sp_keyword_anchoring	cr_depth	cr_diversity	cr_duplication	cf_topics_themes	cf_project_echo	cf_project_echo_raw	li_spell_score	li_misspell_ratio	url_valid	project_url_fixed	doi_valid	empty_fields	notes	category	subcategories	keywords	topics	themes	subtitle_ok	subtitle_overlap_with_title	subtitle_duplicate_title	subtitle_duplicate_description	description_duplicate_title	creators_count	purposes_count	locations_count	license_status	category_ok	subcategories_count	lang_declared	lang_match	title_len_chars	title_len_tokens	title_length_ok	subtitle_len_chars	subtitle_len_tokens	subtitle_length_ok	description_len_chars	description_len_tokens	description_length_ok	content_len_chars	content_len_tokens	content_length_ok	keyword_count	keyword_count_ok	cv_category_ok	cv_license_ok	cv_topics_unknown_count	cv_themes_unknown_count	cv_subcategories_unknown_count	cv_subcat_parent_mismatch_count	cv_languages_unknown_count	cv_locations_unknown_count	cv_intended_purposes_unknown_count
68650ce67807d9bc7a0b3d82	Women Innovators in IrelandRural Fact Sheet #038	en	en	en	21	10	7	20	0	58	8	7	1	2	5	3	0	6	0	8	0.0	True	https://fliara.eu/	True		Low content depth (<250 tokens); Subtitle missing; CV inconsistencies: Unknown license: CC BYSA | Unknown intended_purposes: dissemination	Document	"[""Factsheet""]"	"[""social innovation"",""gender equality""]"	"[""Society""]"	"[""Social innovation""]"	False	0.0	False	False	False	1	1	1	ok	True	1	en	True	48	7	True	0	0	True	411	60	True	1667	215	True	2	False	True	False	0	0	0	0	0	0	1
69171bd6c599337520a22085	Autonomous Precision Spraying for Sustainable Berry Farming: Reducing Chemical Inputs with AIDriven Pest Control	en	en	en	12	9	7	20	0	48	8	0	1	0	5	4	0	6	0	8	0.0	True	https://bbionets.eu/	False		Invalid DOI format; Low content depth (<250 tokens)	Document	"[""Practice abstract""]"	"[""autonomous machinery"",""selective spraing"",""PPP reduction"",""pest detection""]"	"[""Crop farming""]"	"[""Agricultural innovation"",""Agricultural practices"",""Climate change mitigation"",""Farm equipment"",""Pest control"",""Plant health""]"	True	0.0	False	False	False	2	1	1	ok	True	1	en	True	112	14	True	51	7	True	277	38	False	691	94	False	4	True	True	True	0	0	0	0	0	0	0
686510f77807d9bc7a0b3dab	Women Innovators in IrelandFarming Fact Sheet #043	en	en	en	14	10	7	20	0	51	8	0	1	2	5	3	0	6	0	8	0.0	True	https://fliara.eu/	True		Low content depth (<250 tokens); Subtitle missing; CV inconsistencies: Unknown license: CC BYSA | Unknown intended_purposes: dissemination	Document	"[""Factsheet""]"	"[""sustainable food"",""gender equality"",""rural issues""]"	"[""Society""]"	"[""Social innovation""]"	False	0.0	False	False	False	1	1	1	ok	True	1	en	True	50	7	True	0	0	True	272	38	False	1457	202	True	3	False	True	False	0	0	0	0	0	0	1
66f679eebbc2ce0fcc43d213	OPTIMA DSS for Alternaria detection in carrots	en	en	en	14	10	7	20	2	51	8	0	1	2	5	3	0	6	0	8	0.0	True	https://www.smartprotect-h2020.eu	True		Low content depth (<250 tokens); Subtitle missing; CV inconsistencies: Unknown intended_purposes: dissemination, support decisionmaking and strategic planning	Document	"[""Practice abstract""]"	"[""IPM"",""DSS"",""OPTIMA"",""tool"",""meteorological data"",""alternaria leaf blight"",""carrots"",""downy mildew"",""vineyards"",""apple scab"",""prediction"",""disease"",""France"",""Spain"",""Italy"",""Greece""]"	"[""Crop farming""]"	"[""Pest control""]"	False	0.0	False	False	False	1	4	1	ok	True	1	en	True	46	7	True	0	0	True	177	26	False	1684	212	True	16	False	True	True	0	0	0	0	0	0	2
6716b2ef8c91d2f819cc3ba5	WP2 Community of Practice	en	en	en	14	10	4	20	0	48	8	0	1	2	5	3	0	3	3	8	0.0	True	https://cordis.europa.eu/project/id/696367	True		Low content depth (<250 tokens); Subtitle missing; CV inconsistencies: Unknown intended_purposes: dissemination	Document	"[""Deliverable report""]"	"[""dairy farm"",""dairy sensor""]"	"[""Livestock""]"	"[""Animal husbandry""]"	False	0.0	False	False	False	9	1	1	ok	True	1	en	True	25	4	True	0	0	True	214	37	False	1446	189	True	2	False	True	True	0	0	0	0	0	0	1
67d418551274e0227fcdaeec	Integrated management of resources (water and soil) in nuts production	en	en	en	24	10	4	20	2	58	8	10	1	2	5	3	0	3	3	8	0.0	True	https://www.forest4eu.eu/	True		Low content depth (<250 tokens); Subtitle missing; CV inconsistencies: Unknown intended_purposes: dissemination	Document	"[""Factsheet""]"	"[""resources use""]"	"[""Forestry""]"	"[""Land management""]"	False	0.0	False	False	False	1	1	1	ok	True	1	en	True	70	10	True	0	0	True	256	45	True	1861	234	True	1	False	True	True	0	0	0	0	0	0	1
6878eb5de4df4f63e71d99e9	LEGUMINOSE factsheet: Using Dynamic Innovation Partnerships to facilitate uptake of intercropping innovations	en	en	en	11	10	7	20	2	48	8	0	1	2	5	3	0	6	0	8	0.0	False		True		Low content depth (<250 tokens); Subtitle missing; CV inconsistencies: Unknown intended_purposes: communication, dissemination	Document	"[""Factsheet""]"	"[""intercropping"",""innovation"",""dynamic innovation partnerships"",""value chains"",""stakeholder engagement"",""agrifood systems"",""adoption""]"	"[""Forestry"",""Crop farming"",""Society"",""Economics""]"	"[""Agroecology"",""Biodiversity"",""Crop rotation"",""Diversification"",""Organic agriculture"",""Social innovation""]"	False	0.0	False	False	False	1	2	2	ok	True	1	en	True	109	12	True	0	0	True	216	30	False	1732	221	True	7	True	True	True	0	0	0	0	0	0	2
6704f1a70a8de6e500a4fa96	Decision support systems for pest and disease management in tomato cultivation	en	en	en	21	10	4	20	2	55	8	7	1	2	5	3	0	3	3	8	0.0	True	https://www.smartprotect-h2020.eu	True		Low content depth (<250 tokens); Subtitle missing; CV inconsistencies: Unknown locations: united kingdom | Unknown intended_purposes: dissemination, support decisionmaking and strategic planning	Document	"[""Practice abstract""]"	"[""IPM"",""decision support systems"",""DSS"",""monitoring"",""alarm"",""pest"",""disease"",""prediction"",""tomato"",""iMETOS"",""Dacom"",""WiseCrop"",""EVJA"",""FuturCrop""]"	"[""Crop farming""]"	"[""Pest control""]"	False	0.0	False	False	False	2	4	2	ok	True	1	en	True	78	11	True	0	0	True	331	45	True	1707	219	True	14	False	True	True	0	0	0	0	0	1	2
6716b5518c91d2f819cc3c96	Organic Rotational Stocking with White Clover, Forage Selfsufficiency, Short and Local Marketing	en	en	en	14	12	7	20	0	53	8	0	1	4	5	3	0	6	0	8	0.0	True	https://inno4grass.eu/en/	True		Subtitle missing; CV inconsistencies: Unknown intended_purposes: dissemination	Document	"[""Factsheet""]"	"[""grassland"",""animal_feeding"",""dairy_cattle"",""milk_products"",""organic_agriculture""]"	"[""Livestock""]"	"[""Organic agriculture""]"	False	0.0	False	False	False	1	1	1	ok	True	1	en	True	96	12	True	0	0	True	153	22	False	1970	269	True	5	True	True	True	0	0	0	0	0	0	1
67d4172db95b1fb603b471e9	Mechanised resin extraction method	en	en	en	17	10	4	20	0	51	8	3	1	2	5	3	0	3	3	8	0.0	True	https://www.forest4eu.eu/	True		Low content depth (<250 tokens); Subtitle missing; CV inconsistencies: Unknown intended_purposes: dissemination	Document	"[""Factsheet""]"	"[""Nonwood forest product"",""Multifunctional forest management"",""resin""]"	"[""Forestry""]"	"[""Biomass production"",""Productivity"",""Farm equipment""]"	False	0.0	False	False	False	1	1	1	ok	True	1	en	True	34	4	True	0	0	True	256	33	False	1609	219	True	3	False	True	True	0	0	0	0	0	0	1
66b1d48045168fd6c4c5658f	To Nfertilize cereallegume intercrops or not	it	it	en	14	12	4	20	6	50	8	0	1	4	5	3	0	3	3	8	0.0	True	https://www.remix-intercrops.eu/	True		Subtitle missing; Language mismatch (declared=en, detected=it); CV inconsistencies: Unknown intended_purposes: communication, dissemination	Document	"[""Practice abstract""]"	"[""Nfertilize cereal legume intercrops intercropping""]"	"[""Crop farming"",""Environment""]"	"[""Agroecology"",""Crop rotation""]"	False	0.0	False	False	False	1	2	1	ok	True	1	en	False	44	6	True	0	0	True	44	6	False	2646	350	True	1	False	True	True	0	0	0	0	0	0	2
67acb0e7b90e38fe8181e9e1	Establishing longterm nitrogen response of global cereals to assess sustainable fertilizer rates.	en	en	en	23	14	7	18	0	62	8	9	1	6	5	3	0	6	0	8	0.0	True	https://nutri-checknet.eu/	True		Subtitle missing; CV inconsistencies: Unknown intended_purposes: communication, dissemination	Document	"[""Journal article""]"	"[""nitrogen response"",""cereals"",""feriliser""]"	"[""Crop farming"",""Environment"",""Society""]"	"[""Fertilization""]"	False	0.0	False	False	False	1	2	1	ok	True	1	en	True	97	12	True	0	0	True	633	86	True	3730	520	True	3	False	True	True	0	0	0	0	0	0	2
6799fce7a591ef7f1d7585ac	European Dairy Farms : Efficient but Resilient ?	en	en	en	11	12	7	20	0	50	8	0	1	4	5	3	0	6	0	8	0.0	False		True		Subtitle missing; CV inconsistencies: Unknown intended_purposes: communication, dissemination, experimentation	Document	"[""Practice abstract""]"	"[""Dairy farm resilience"",""Efficiency"",""Climatic shocks"",""Economic shocks"",""Regional differences"",""Long term resilience"",""Local production environment"",""Farm economic data""]"	"[""Livestock"",""Environment"",""Economics""]"	"[""Genetic resources"",""Diversification"",""Animal husbandry""]"	False	0.0	False	False	False	1	3	1	ok	True	1	en	True	48	6	True	0	0	True	94	13	False	2280	291	True	8	True	True	True	0	0	0	0	0	0	3
67ade9c7893e5fff4ffc635c	Deformed wing virus (DWV) makes it hard to predict the impact of stress on honey bees	en	en	en	16	10	7	20	2	53	8	2	1	2	5	3	0	6	0	8	0.0	True	http://www.poshbee.eu/	True		Low content depth (<250 tokens); Subtitle missing; CV inconsistencies: Unknown locations: united kingdom | Unknown license: CC BYNC | Unknown intended_purposes: experimentation	Document	"[""Flyer""]"	"[""honey bees"",""pesticides"",""stressors"",""health"",""equilibria""]"	"[""Environment"",""Society""]"	"[""Biodiversity""]"	False	0.0	False	False	False	3	1	1	ok	True	1	en	True	85	16	True	0	0	True	160	22	False	1437	198	True	5	True	True	False	0	0	0	0	0	1	1
6777b555f99a3bf65ed0341f	Practice Abstract del GO PRORURAL para impulsar el desarrollo económico de las zonas rurales, mediante la generación de un mercado responsable para productos forestales innovadores	en	en	en	9	10	7	18	0	44	5	0	1	2	5	3	0	6	0	8	0.0	True	https://eu-cap-network.ec.europa.eu/projects/go-prorural-promote-economic-development-rural-areas-generating-responsible-market_en	False		Invalid DOI format; Low content depth (<250 tokens); Subtitle missing; CV inconsistencies: Unknown intended_purposes: communication, dissemination	Document	"[""Practice abstract""]"	"[""public forests"",""environmental footprint"",""production system"",""forestry"",""forest fire"",""certification"",""profitability""]"	"[""Forestry"",""Environment"",""Economics"",""Society""]"	"[""Biodiversity"",""Biomass production"",""Productivity"",""Digital technology"",""Energy management"",""Rural conditions"",""Land management"",""Social innovation"",""Agricultural productivity""]"	False	0.0	False	False	False	1	2	1	ok	True	1	en	True	180	25	False	0	0	True	210	31	False	1845	227	True	7	True	True	True	0	0	0	0	0	0	2
660d1ad197edc795f6627b45	Basic hygiene measures against avian influenza infections in Hungary	en	en	en	14	10	4	20	2	48	8	0	1	2	5	3	0	3	3	8	0.0	True	https://www.netpoulsafe.eu/search-result/?_fc_languages=english&_type_of_document=factsheet	True		Low content depth (<250 tokens); Subtitle missing; intended_purposes missing; CV inconsistencies: intended_purposes missing (cardinality)	Document	"[""Factsheet""]"	"[""avian infleunza"",""biosecurity""]"	"[""Livestock""]"	"[""Pest control""]"	False	0.0	False	False	False	3	0	2	ok	True	1	en	True	68	9	True	0	0	True	119	16	False	1361	176	True	2	False	True	True	0	0	0	0	0	0	0
68aefb40a408fb38e046d377	MojGozdar portal: A Due Diligence and Traceability System for Forest Wood Trade in Slovenia	en	en	en	17	12	7	20	4	56	8	3	1	4	5	3	0	6	0	8	0.0	True	https://www.forest4eu.eu/	True		Subtitle missing; CV inconsistencies: Unknown intended_purposes: dissemination	Document	"[""Technical/technology article""]"	"[""Due Diligence"",""Traceability"",""Forest Wood Trade"",""Slovenia"",""EU Timber Regulation""]"	"[""Economics"",""Forestry""]"	"[""Agricultural productivity"",""Digital technology""]"	False	0.0	False	False	False	1	1	1	ok	True	1	en	True	91	13	True	0	0	True	227	33	False	2290	300	True	5	True	True	True	0	0	0	0	0	0	1
6879e3537515ec9f32050c8d	Enhancing Local Wine Production Through Indigenous Yeast Strains Collection	en	en	en	22	10	7	20	2	59	8	10	1	2	5	3	0	6	0	8	0.0	True	https://eu-cap-network.ec.europa.eu/projects/productivity-and-sustainability-vitiviniculture_en	False		Invalid DOI format; Low content depth (<250 tokens); Subtitle missing; CV inconsistencies: Unknown intended_purposes: dissemination, evaluation, experimentation, modelling	Document	"[""Practice abstract""]"	"[""Winemaking strains"",""Indigenous strains"",""Oenological vocation"",""Yeast collection"",""Wine production"",""Local production"",""Starter cultures"",""Commercial yeasts"",""Winegrowing areas"",""Territoryspecific products""]"	"[""Forestry""]"	"[""Agricultural productivity"",""Agroecology"",""Biodiversity"",""Diversification"",""Biomass production""]"	False	0.0	False	False	False	1	4	1	ok	True	1	en	True	75	9	True	0	0	True	892	129	True	1570	212	True	10	True	True	True	0	0	0	0	0	0	4
6735feae1b60fde7c126b5eb	Guidelines for predictive differential irrigation scheduling and water application	en	en	en	21	12	4	20	0	57	8	7	1	4	5	3	0	3	3	8	0.0	True	https://fatima-h2020.eu/	True		Subtitle missing; CV inconsistencies: Unknown intended_purposes: dissemination, support decisionmaking and strategic planning	Document	"[""Review document"",""Report/paper"",""Guide""]"	"[""webGIS"",""user requirements"",""conceptual design"",""co-‐creation""]"	"[""Crop farming"",""Environment""]"	"[""Agroecology"",""Climate"",""Crop rotation"",""Fertilization"",""Crop production""]"	False	0.0	False	False	False	1	2	1	ok	True	3	en	True	82	9	True	0	0	True	437	64	True	2674	349	True	4	True	True	True	0	0	0	0	0	0	2
6879e44f7515ec9f32050ca4	Certification 1 The OG PROINOS carried out the measurement of the environmental footprint and socioeconomic indicators of the territory at the pilot companies…	en	en	en	16	10	7	19	2	52	5	7	1	2	5	3	0	6	0	8	0.0	True	https://eu-cap-network.ec.europa.eu/projects/proinosgrow-sustainability-towards-territorial-protocol_en	False		Invalid DOI format; Low content depth (<250 tokens); Subtitle missing; CV inconsistencies: Unknown intended_purposes: dissemination, evaluation, support decisionmaking and strategic planning	Document	"[""Practice abstract""]"	"[""Environmental footprint measurement"",""Socioeconomic indicators"",""VIVA certification"",""SQNPI certification"",""Vineyard Indicator"",""Sustainable agriculture"",""Biodiversity and Landscape"",""Circular economy"",""Organic farming"",""Water protection""]"	"[""Environment""]"	"[""Land management"",""Soil management"",""Biodiversity"",""Rural conditions"",""Training""]"	False	0.0	False	False	False	1	4	1	ok	True	1	en	True	159	22	False	0	0	True	1337	177	False	1816	231	True	10	True	True	True	0	0	0	0	0	0	3
66f57bd2a49df370f40d9abf	Application techniques in innovative IPM systems	en	en	en	24	10	7	20	0	61	8	10	1	2	5	3	0	6	0	8	0.0	True	https://www.smartprotect-h2020.eu	True		Low content depth (<250 tokens); Subtitle missing; CV inconsistencies: Unknown intended_purposes: dissemination	Document	"[""Practice abstract""]"	"[""IPM"",""monitoring"",""detection"",""innovative technologies"",""tools"",""digitalization""]"	"[""Crop farming""]"	"[""Pest control""]"	False	0.0	False	False	False	1	2	1	ok	True	1	en	True	48	6	True	0	0	True	308	44	True	1823	233	True	6	True	True	True	0	0	0	0	0	0	1
677a9c13b191c0a36e0404cf	FAIRShare: Interactive Strategic Management Workshops in Agriculture	en	en	en	21	10	4	20	2	55	8	7	1	2	5	3	0	3	3	8	0.0	True	https://www.h2020fairshare.eu/	True		Low content depth (<250 tokens); Subtitle missing; CV inconsistencies: Unknown intended_purposes: dissemination, support decisionmaking and strategic planning	Document	"[""Practice abstract""]"	"[""Digital Advisory Tools"",""Farmer Engagement"",""Strategic Planning"",""DATS"",""Strategic Management Tool"",""SMT"",""digitalisation"",""AKIS"",""advisors""]"	"[""Crop farming"",""Society"",""Economics"",""Forestry"",""Livestock""]"	"[""Training"",""Social innovation"",""Rural conditions"",""Productivity"",""Digital technology"",""Agricultural productivity""]"	False	0.0	False	False	False	1	2	1	ok	True	1	en	True	68	7	True	0	0	True	348	47	True	1420	192	True	9	True	True	True	0	0	0	0	0	0	2
668bfe82ff7b4c933a11dc98	Factsheet DSS Saddle gall midge in cereals	en	en	en	23	10	4	20	2	57	8	9	1	2	5	3	0	3	3	8	0.0	True	https://www.platform.ipmdecisions.net/	True		Low content depth (<250 tokens); Subtitle missing; CV inconsistencies: Unknown locations: united kingdom | Unknown intended_purposes: support decisionmaking and strategic planning	Document	"[""Factsheet"",""Practice abstract""]"	"[""factsheet"",""sadle gall midge"",""DSS"",""decision support system"",""IPM Decisions"",""cereals""]"	"[""Crop farming""]"	"[""Pest control"",""Crop production""]"	False	0.0	False	False	False	1	1	2	ok	True	2	en	True	42	7	True	0	0	True	1630	258	False	1419	205	True	6	True	True	True	0	0	0	0	0	1	1
679b5b92a591ef7f1d76d08f	The RUMIGEN Project : Gene Editing in European Ruminant Production	en	en	en	14	10	4	20	0	48	8	0	1	2	5	3	0	3	3	8	0.0	True	https://rumigen.eu/	True		Low content depth (<250 tokens); Subtitle missing; CV inconsistencies: Unknown intended_purposes: communication, dissemination, experimentation	Document	"[""Practice abstract""]"	"[""Gene Editing"",""Ruminant Farming"",""EU Policy"",""Animal Health"",""Biodiversity""]"	"[""Livestock"",""Environment"",""Society"",""Economics""]"	"[""Genetic resources"",""Social innovation""]"	False	0.0	False	False	False	1	3	1	ok	True	1	en	True	66	9	True	0	0	True	134	18	False	1615	201	True	5	True	True	True	0	0	0	0	0	0	3
683747cc30ea0addf057d99e	Hemp4Soil Project Report	en	en	en	18	12	1	20	2	51	5	12	1	4	5	3	0	0	6	8	0.0	False		False		Subtitle missing; CV inconsistencies: Unknown intended_purposes: communication, dissemination	Document	"[""Deliverable report""]"	"[""soil health, biodiversity, biochar, regenerative agriculture, hemp""]"	"[""Environment""]"	"[""Biodiversity""]"	False	0.0	False	False	False	1	2	1	ok	True	1	en	True	24	3	False	0	0	True	1604	216	False	3329	424	True	1	False	True	True	0	0	0	0	0	0	2
67a4baf9105c91a57da01d93	Global vineyard strategy to prevent grapevine trunk diseases	en	en	en	14	12	4	20	2	50	8	0	1	4	5	3	0	3	3	8	0.0	True	http://www.winetwork-data.eu/	True		Subtitle missing; CV inconsistencies: Unknown intended_purposes: communication, dissemination	Document	"[""Technical/technology article""]"	"[""Vineyard management"",""Planting practices"",""Rootstocks"",""Soil preparation"",""grapevine trunk diseases""]"	"[""Crop farming"",""Environment""]"	"[""Pest control"",""Crop production""]"	False	0.0	False	False	False	1	2	1	ok	True	1	en	True	60	8	True	0	0	True	111	16	False	3362	434	True	5	True	True	True	0	0	0	0	0	0	2
6777ac14b191c0a36e0220b6	Practice Abstract del GO SOSTVAN, estrategias tecnológicas para la mejora de la sostenibilidad del sector ganadero de vacas nodrizas	en	en	en	9	10	7	20	0	46	5	0	1	2	5	3	0	6	0	8	0.0	True	https://eu-cap-network.ec.europa.eu/projects/operative-group-sostvan-technological-strategies-economic-sustainability-extensive-cow_en	False		Invalid DOI format; Low content depth (<250 tokens); Subtitle missing; CV inconsistencies: Unknown intended_purposes: communication, dissemination	Document	"[""Practice abstract""]"	"[""extensive beef livestock"",""cattle production"",""young farmers""]"	"[""Livestock"",""Environment"",""Society"",""Economics""]"	"[""Animal husbandry"",""Food quality"",""Pest control"",""Productivity"",""Digital technology"",""Energy management"",""Climate"",""Rural conditions"",""Social innovation""]"	False	0.0	False	False	False	1	2	1	ok	True	1	en	True	132	19	False	0	0	True	149	22	False	1562	197	True	3	False	True	True	0	0	0	0	0	0	2
67360c261b60fde7c126cab5	Traditional tomato varieties and cultural practices: a case for agricultural diversification with impact on food security and health of European population	en	en	en	24	10	7	18	0	59	5	13	1	0	5	5	0	6	0	8	0.0	True	https://traditom.eu/	True		Low content depth (<250 tokens); Subtitle missing; CV inconsistencies: Unknown intended_purposes: communication, dissemination	Document	"[""Report/paper"",""Deliverable report""]"	"[""Disease resistance"",""hybrid"",""traditional""]"	"[""Crop farming"",""Environment""]"	"[""Climate"",""Genetic resources"",""Organic agriculture"",""Crop production""]"	False	0.0	False	False	False	1	2	1	ok	True	2	en	True	155	20	False	0	0	True	597	87	True	130	19	False	3	False	True	True	0	0	0	0	0	0	2
6842aa736b2cf04eb47fb717	Use of Innovative Biogas Production Technologies and Biomethane in Agriculture	en	en	en	12	10	1	20	4	43	8	0	1	2	5	3	0	0	6	8	0.0	True	https://eu-cap-network.ec.europa.eu/projects/use-innovative-biogas-production-technologies-and-biomethane-agriculture_en	False		Invalid DOI format; Low content depth (<250 tokens); Subtitle missing; CV inconsistencies: Unknown intended_purposes: communication, dissemination	Document	"[""Practice abstract""]"	"[""Biogas"",""Biomethane"",""Agricultural Raw Materials"",""Anaerobic Processing"",""Innovative Technologies""]"	"[""Forestry"",""Crop farming"",""Livestock"",""Environment""]"	"[""Climate""]"	False	0.0	False	False	False	1	2	1	ok	True	1	en	True	78	10	True	0	0	True	129	17	False	1651	204	True	5	True	True	True	0	0	0	0	0	0	2
68668842326aff52bc9a2dc0	Women Innovators in GermanyFarming Fact Sheet #026	en	en	en	21	10	7	20	0	58	8	7	1	2	5	3	0	6	0	8	0.0	True	https://fliara.eu/	True		Low content depth (<250 tokens); Subtitle missing; CV inconsistencies: Unknown license: CC BYSA | Unknown intended_purposes: dissemination	Document	"[""Factsheet""]"	"[""organic farming"",""gender equality""]"	"[""Society""]"	"[""Agroecology"",""Social innovation""]"	False	0.0	False	False	False	1	1	1	ok	True	1	en	True	50	7	True	0	0	True	303	42	True	1410	190	True	2	False	True	False	0	0	0	0	0	0	1
6716af25aac3c7a5580d80ef	Grazing System, Complex Forage Mixture and Conserved Forage for Dairy Goats	en	en	en	17	10	7	20	2	54	8	3	1	2	5	3	0	6	0	8	0.0	True	https://inno4grass.eu/en/	True		Low content depth (<250 tokens); Subtitle missing; CV inconsistencies: Unknown intended_purposes: dissemination	Document	"[""Factsheet""]"	"[""grassland"",""grassland_management"",""animal_health_and_welfare"",""environment""]"	"[""Livestock""]"	"[""Animal husbandry""]"	False	0.0	False	False	False	1	1	1	ok	True	1	en	True	75	11	True	0	0	True	202	30	False	1526	217	True	4	True	True	True	0	0	0	0	0	0	1
6900bfb0a0f1d577492566c3	Landbased Wildfire Prevention: Principles and Experiences on Managing Landscapes, Forests and Woodlands for Safety and Resilience in Europe	en	en	en	16	11	4	20	0	51	8	7	1	2	5	4	0	3	3	8	0.0	False		False		Invalid DOI format; Low content depth (<250 tokens)	Document	"[""Report/paper""]"	"[""wildfire prevention, forest management, climate change, fuel load, prescribed burning, EU policy, resilience, fire risk, landscape planning, public awareness""]"	"[""Forestry""]"	"[""Risk management""]"	True	0.3	False	False	False	1	1	1	ok	True	1	en	True	139	18	True	84	10	True	375	52	True	719	100	True	1	False	True	True	0	0	0	0	0	0	0
6870fa8df7e0c8e6439f1be7	Lowemission beef cattle breeding starts with working in the countryside! The farmer/breeder who is interested in improving the sustainability (environmental,…	en	en	en	21	10	6	20	2	57	5	10	3	2	5	3	0	4	2	8	0.0	True	https://eu-cap-network.ec.europa.eu/projects/lowemeatdevelopment-low-greenhouse-gas-emissions-system-beef-cattle-farms-located-veneto_en	False		Invalid DOI format; Low content depth (<250 tokens); Subtitle missing; CV inconsistencies: Unknown intended_purposes: experimentation, modelling	Document	"[""Practice abstract""]"	"[""Lowemission beef cattle breeding"",""Sustainability in farming"",""Agronomic choices"",""Nitrogen Use Efficiency"",""Production efficiency"",""Organic fertilizer"",""Environmental sustainability"",""European Union incentives"",""Farm production process"",""Nutrient potential of soil""]"	"[""Livestock""]"	"[""Diversification"",""Farm equipment"",""Rural conditions"",""Energy management"",""Animal husbandry""]"	False	0.0	False	False	False	1	4	1	ok	True	1	en	True	158	20	False	0	0	True	855	116	True	1853	236	True	10	True	True	True	0	0	0	0	0	0	2
67d41849b95b1fb603b47206	Interterritorial Association of Wild Mushroom Harvesting Professionals	en	en	en	14	10	4	20	0	48	8	0	1	2	5	3	0	3	3	8	0.0	True	https://www.forest4eu.eu/	True		Low content depth (<250 tokens); Subtitle missing; CV inconsistencies: Unknown intended_purposes: dissemination	Document	"[""Factsheet""]"	"[""organisational innovation"",""Cooperation"",""business model"",""Supply chain"",""market and consumption""]"	"[""Forestry""]"	"[""Digital technology"",""Diversification""]"	False	0.0	False	False	False	1	1	1	ok	True	1	en	True	70	7	True	0	0	True	280	32	False	1622	203	True	5	True	True	True	0	0	0	0	0	0	1
6870f24ef7e0c8e6439f1b37	Impact of Farm Management on Antibiotic Use in Charolais Cattle	en	en	en	19	10	7	20	2	56	8	7	1	2	5	3	0	6	0	8	0.0	True	https://eu-cap-network.ec.europa.eu/projects/antibioticfreebeef-strategies-elimination-use-antibiotics-beef-industry_en	False		Invalid DOI format; Low content depth (<250 tokens); Subtitle missing; CV inconsistencies: Unknown intended_purposes: evaluation, experimentation, modelling, support decisionmaking and strategic planning	Document	"[""Practice abstract""]"	"[""Antibiotic use"",""Farm management"",""Disease occurrence"",""Respiratory diseases"",""Treatment index"",""Gender differences"",""Animal welfare"",""Antibiotic management practices"",""Sustainable production"",""European policy""]"	"[""Livestock""]"	"[""Animal husbandry"",""Diversification"",""Food quality"",""Pest control"",""Residues""]"	False	0.0	False	False	False	1	5	1	ok	True	1	en	True	63	10	True	0	0	True	1096	147	True	1414	177	True	10	True	True	True	0	0	0	0	0	0	4
68664f2d7807d9bc7a0b43ce	Women Innovators in RomaniaRural Fact Sheet #055	en	en	en	14	10	7	20	0	51	8	0	1	2	5	3	0	6	0	8	0.0	True	https://fliara.eu/	True		Low content depth (<250 tokens); Subtitle missing; CV inconsistencies: Unknown license: CC BYSA | Unknown intended_purposes: dissemination	Document	"[""Factsheet""]"	"[""gender equality"",""community cohesion""]"	"[""Society""]"	"[""Social innovation"",""Rural conditions""]"	False	0.0	False	False	False	1	1	1	ok	True	1	en	True	48	7	True	0	0	True	283	38	False	1510	191	True	2	False	True	False	0	0	0	0	0	0	1
66cdc28d04d857e0e65d5795	MOVING ProjectBuilding a shared understanding of Mountain Value Chains	en	en	en	24	10	4	20	0	58	8	10	1	2	5	3	0	3	3	8	0.0	True	https://www.moving-h2020.eu/	True		Low content depth (<250 tokens); Subtitle missing; CV inconsistencies: Unknown intended_purposes: communication, dissemination	Document	"[""Practice abstract""]"	"[""Mountains"",""Community of practice"",""Cocreation"",""Knowledge"",""Value chains""]"	"[""Environment"",""Economics"",""Society""]"	"[""Training""]"	False	0.0	False	False	False	1	2	1	ok	True	1	en	True	70	8	True	0	0	True	551	79	True	1809	246	True	5	True	True	True	0	0	0	0	0	0	2
67d418511274e0227fcdaee9	Exchange between chestnut growers	en	en	en	17	10	4	20	0	51	8	3	1	2	5	3	0	3	3	8	0.0	True	https://www.forest4eu.eu/	True		Low content depth (<250 tokens); Subtitle missing; CV inconsistencies: Unknown intended_purposes: dissemination	Document	"[""Factsheet""]"	"[""Nonwood forest products"",""pest/disease control"",""multifunctional forest management"",""collaboration""]"	"[""Forestry""]"	"[""Biodiversity"",""Pest control"",""Agroecology""]"	False	0.0	False	False	False	3	1	1	ok	True	1	en	True	33	4	True	0	0	True	246	34	False	1533	191	True	4	True	True	True	0	0	0	0	0	0	1
6879e6eba8eeff436742b961	Conclusions 3 With the SmartAP project, it was also shown that system optimization for vertical farming can increase production by 42% compared to a mixed…	en	en	en	21	10	7	20	2	58	5	12	1	2	5	3	0	6	0	8	0.0	True	https://eu-cap-network.ec.europa.eu/projects/smartapaquaponic-smart-small-and-medium-farm-model-economic-improvement-environmental_en	False		Invalid DOI format; Low content depth (<250 tokens); Subtitle missing; CV inconsistencies: Unknown intended_purposes: evaluation, experimentation, modelling	Document	"[""Practice abstract""]"	"[""SmartAP project"",""Vertical farming"",""System optimization"",""Production increase"",""Breakeven price"",""Sales strategies"",""Business plan"",""Market analysis"",""Supply chain"",""Aquaponics""]"	"[""Crop farming""]"	"[""Diversification"",""Training"",""Farm equipment"",""Crop rotation"",""Organic agriculture""]"	False	0.0	False	False	False	1	4	1	ok	True	1	en	True	155	23	False	0	0	True	1020	132	True	1655	209	True	10	True	True	True	0	0	0	0	0	0	3
6842a933ad0aaa69190c0803	Biomodified Colostrum for Healthier Dairy Herds: Reducing Antimicrobial Use and Disease Outbreaks in Lithuanian Cattle Farms	en	en	en	15	10	7	20	4	52	8	3	1	2	5	3	0	6	0	8	0.0	True	https://eu-cap-network.ec.europa.eu/projects/integration-biotechnological-solutions-dairy-farms-improve-quality-cattle-colostrum-and_en	False		Invalid DOI format; Low content depth (<250 tokens); Subtitle missing; CV inconsistencies: Unknown intended_purposes: communication, dissemination	Document	"[""Practice abstract""]"	"[""Biotechnological solutions"",""Dairy farms"",""Cattle colostrum"",""Antimicrobial use"",""Disease outbreaks""]"	"[""Livestock"",""Environment"",""Economics""]"	"[""Animal husbandry""]"	False	0.0	False	False	False	1	2	1	ok	True	1	en	True	124	16	True	0	0	True	210	26	False	1755	223	True	5	True	True	True	0	0	0	0	0	0	2
6707df5bfd7af7b36f8ef497	The European Night of Researchers, Women and men who do science for you	en	en	en	11	10	4	20	0	45	5	0	1	2	5	3	0	3	3	8	0.0	True	https://www.smartprotect-h2020.eu	True		Low content depth (<250 tokens); Subtitle missing; CV inconsistencies: Unknown intended_purposes: dissemination	Document	"[""Practice abstract""]"	"[""IPM"",""event""]"	"[""Crop farming""]"	"[""Pest control""]"	False	0.0	False	False	False	2	1	2	ok	True	1	en	True	71	13	True	0	0	True	184	26	False	1472	194	True	2	False	True	True	0	0	0	0	0	0	1
66b079818bfbbeb036c8a588	Practice Abstract: BIGH Brussels Aquaponic Farm	en	en	en	20	10	4	20	0	54	8	6	1	2	5	3	0	3	3	8	0.0	True	https://cocoreado.eu/	True		Low content depth (<250 tokens); Subtitle missing; CV inconsistencies: Unknown license: CC BYSA | Unknown intended_purposes: dissemination	Document	"[""Practice abstract""]"	"[""circular economy"",""food supply chain"",""energy management"",""energy efficiency"",""waste management""]"	"[""Economics""]"	"[""Food quality"",""Residues"",""Energy management""]"	False	0.0	False	False	False	1	1	1	ok	True	1	en	True	47	6	True	0	0	True	234	37	False	1686	211	True	5	True	True	False	0	0	0	0	0	0	1
67373620ae34392dd1825d2a	Novel biocontrol agents for insect pests from neuroendocrinology	en	en	en	26	10	4	20	0	60	8	12	1	2	5	3	0	3	3	8	0.0	True	https://neurostresspep.eu/	True		Low content depth (<250 tokens); Subtitle missing; CV inconsistencies: Unknown intended_purposes: dissemination	Document	"[""Report/paper"",""Deliverable report""]"	"[""insects"",""DNA"",""diseases""]"	"[""Livestock""]"	"[""Genetic resources"",""Pest control""]"	False	0.0	False	False	False	1	1	1	ok	True	2	en	True	64	8	True	0	0	True	626	97	True	1935	233	True	3	False	True	True	0	0	0	0	0	0	1
660d037b557d591377fe3b05	Training for poultry workers during coaching	en	en	en	14	10	4	20	0	48	8	0	1	2	5	3	0	3	3	8	0.0	True	https://www.netpoulsafe.eu/search-result/?_fc_languages=english&_type_of_document=factsheet	True		Low content depth (<250 tokens); Subtitle missing; CV inconsistencies: Unknown intended_purposes: dissemination	Document	"[""Factsheet""]"	"[""coaching"",""training"",""workshop"",""biosecurity""]"	"[""Livestock""]"	"[""Pest control"",""Training"",""Social innovation""]"	False	0.0	False	False	False	2	1	2	ok	True	1	en	True	44	6	True	0	0	True	163	23	False	1780	219	True	4	True	True	True	0	0	0	0	0	0	1
6878a71ee4df4f63e71d9854	AGROSUS Soil and Weed Sampling Kit	en	en	en	22	10	4	20	0	56	8	10	1	2	5	3	0	3	3	8	0.0	True	https://agrosus.eu/	False		Invalid DOI format; Low content depth (<250 tokens); Subtitle missing; CV inconsistencies: Unknown license: CC BYNCSA | Unknown intended_purposes: dissemination	Document	"[""Technical information/specifications card"",""Flyer""]"	"[""AGROSUS"",""Agroecological strategies"",""Agroecology"",""Sustainable agriculture"",""Weed management""]"	"[""Environment"",""Forestry"",""Crop farming""]"	"[""Agroecology"",""Biodiversity"",""Climate"",""Organic agriculture""]"	False	0.0	False	False	False	1	1	1	ok	True	2	en	True	34	6	True	0	0	True	366	53	True	1715	238	True	5	True	True	False	0	0	0	0	0	0	1
687a31f02eb8b7cc4584849b	Dehydrated Traditional Romanian Ecological Apple Products: Market Promotion and Feedback Collection	en	en	en	19	10	7	20	2	56	8	10	1	2	5	3	0	6	0	8	0.0	False		False		Invalid DOI format; Low content depth (<250 tokens); Subtitle missing; CV inconsistencies: Unknown intended_purposes: evaluation, experimentation, support decisionmaking and strategic planning	Document	"[""Practice abstract""]"	"[""Dehydrated apples"",""Traditional Romanian apples"",""Ecological apples"",""Product tastings"",""High added value products"",""Market identification"",""Consumer feedback"",""Packaging model"",""Nutritional information"",""Questionnaire feedback""]"	"[""Crop farming""]"	"[""Agroecology"",""Food quality"",""Biodiversity"",""Residues"",""Organic agriculture""]"	False	0.0	False	False	False	1	3	1	ok	True	1	en	True	99	11	True	0	0	True	787	113	True	1507	195	True	10	True	True	True	0	0	0	0	0	0	3
6870f8a6df79b57710cff50f	Divulgation and territorial promotion The project results will be disseminated and become public through multiple actions at local and national level …	en	en	en	23	10	6	20	4	59	5	12	3	2	5	3	0	4	2	8	0.0	True	https://eu-cap-network.ec.europa.eu/projects/innovation-and-transfer-olive-oil-sector-sustainability-and-quality-processes-and-products_en	False		Invalid DOI format; Low content depth (<250 tokens); Subtitle missing; CV inconsistencies: Unknown intended_purposes: dissemination, modelling, support decisionmaking and strategic planning	Document	"[""Practice abstract""]"	"[""Territorial promotion"",""Dissemination strategies"",""Social media promotion"",""Stakeholder involvement"",""Project website"",""Knowledge transfer"",""Demonstration workshops"",""Crop innovations"",""Communication actions"",""Young users engagement""]"	"[""Society""]"	"[""Training"",""Social innovation"",""Land management"",""Biodiversity""]"	False	0.0	False	False	False	1	4	1	ok	True	1	en	True	151	21	False	0	0	True	795	103	True	1532	203	True	10	True	True	True	0	0	0	0	0	0	3
686503f8326aff52bc9a23ff	Women Innovators in IrelandRural Fact Sheet #032	en	en	en	21	10	7	20	0	58	8	7	1	2	5	3	0	6	0	8	0.0	True	https://fliara.eu/	True		Low content depth (<250 tokens); Subtitle missing; CV inconsistencies: Unknown license: CC BYSA | Unknown intended_purposes: dissemination	Document	"[""Factsheet""]"	"[""sustainability"",""gender equality"",""local food""]"	"[""Environment"",""Society""]"	"[""Organic agriculture"",""Social innovation"",""Food quality""]"	False	0.0	False	False	False	1	1	1	ok	True	1	en	True	48	7	True	0	0	True	322	46	True	1430	194	True	3	False	True	False	0	0	0	0	0	0	1
6788f265a1dc5a01e3c888a3	FAIRshare: Tuscany Living Lab for wider adoption of DATS.	en	en	en	22	10	5	20	2	57	8	6	3	2	5	3	0	3	3	8	0.0	True	https://www.h2020fairshare.eu/	True		Low content depth (<250 tokens); Subtitle missing; CV inconsistencies: Unknown intended_purposes: experimentation, support decisionmaking and strategic planning	Document	"[""Practice abstract""]"	"[""Digital Advisory Tools"",""Farmer Engagement"",""Webapp Development"",""Olive Growing"",""DATS"",""advisors"",""living lab"",""olive"",""AKIS"",""digitalisation"",""Decision Support System""]"	"[""Crop farming"",""Environment"",""Economics""]"	"[""Agroecology"",""Training"",""Agricultural productivity"",""Productivity"",""Digital technology"",""Crop production""]"	False	0.0	False	False	False	1	3	1	ok	True	1	en	True	57	9	True	0	0	True	200	28	False	1453	193	True	11	True	True	True	0	0	0	0	0	0	2
6737339eae34392dd1825b0d	Genomic filtering of neuropeptide sequences	en	en	en	21	10	4	20	0	55	8	7	1	2	5	3	0	3	3	8	0.0	True	https://neurostresspep.eu/	True		Low content depth (<250 tokens); Subtitle missing; CV inconsistencies: Unknown intended_purposes: dissemination	Document	"[""Report/paper""]"	"[""insects"",""DNA"",""diseases""]"	"[""Livestock""]"	"[""Pest control"",""Genetic resources""]"	False	0.0	False	False	False	1	1	1	ok	True	1	en	True	43	5	True	0	0	True	511	75	True	1666	211	True	3	False	True	True	0	0	0	0	0	0	1
686efed4daff72a6956369dc	Enhancing Soil Water Retention with SuperAbsorbents for Sustainable Agriculture	en	en	en	25	10	7	20	2	62	8	13	1	2	5	3	0	6	0	8	0.0	True	https://eu-cap-network.ec.europa.eu/projects/implementing-innovative-production-technologies-closed-hydrological-systems-which_en	False		Invalid DOI format; Low content depth (<250 tokens); Subtitle missing; CV inconsistencies: Unknown intended_purposes: dissemination, experimentation, modelling	Document	"[""Practice abstract""]"	"[""Superabsorbents"",""Soil water retention"",""Dosing technologies"",""Irrigation efficiency"",""Production costs"",""Nutrient binding"",""Ecological cultivation"",""Soil improvement"",""Specialized production"",""Functional food""]"	"[""Crop farming""]"	"[""Soil management"",""Agroecology"",""Fertilization"",""Organic agriculture"",""Crop rotation""]"	False	0.0	False	False	False	1	3	1	ok	True	1	en	True	79	9	True	0	0	True	1009	142	True	1735	219	True	10	True	True	True	0	0	0	0	0	0	3
6716ad278c91d2f819cc3967	Camera Controlled Mechanical Intrarowweed Regulation	en	en	unknown	26	5	8	20	0	59	8	10	3	0	0	5	0	6	0	8	0.0	True	https://www.smart-akis.com/	True	ko_content_flat_qwen3_30b_a3b_thinking_2507_q8_0	Low content depth (<250 tokens); Subtitle missing; CV inconsistencies: Unknown intended_purposes: dissemination	Document	"[""Factsheet""]"	"[""mechanical weed control"",""image processing"",""intrarow"",""sugar beet""]"	"[""Crop farming""]"	"[""Crop production"",""Farm equipment""]"	False	0.0	False	False	False	1	1	1	ok	True	1	en	True	52	5	True	0	0	True	385	61	True	0	0	False	4	True	True	True	0	0	0	0	0	0	1
673dbb9dbe4b4e29766e6b53	AKIS analytical tools	en	en	unknown	21	5	7	16	0	49	5	10	1	0	0	5	0	6	0	8	0.0	True	https://i2connect-h2020.eu/it/	True	ko_content_flat_qwen3_30b_a3b_thinking_2507_q8_0	Low content depth (<250 tokens); Subtitle missing; CV inconsistencies: Unknown intended_purposes: support decisionmaking and strategic planning	Document	"[""Guide""]"	"[""AKIS"",""advisory services"",""AKIS actors"",""AKIS flows"",""AKIS assessment"",""interactions among AKIS actors""]"	"[""Economics""]"	"[""Training""]"	False	0.0	False	False	False	3	1	1	ok	True	1	en	True	21	3	False	0	0	True	738	97	True	0	0	False	6	True	True	True	0	0	0	0	0	0	1
6879e456a8eeff436742b92a	Irrigation 1 With the application of ecological outflow and the effects of climate change, the Consortium implements activities to improve the resilience of…	en	en	en	23	10	8	19	4	60	5	12	3	2	5	3	0	6	0	8	0.0	True	https://eu-cap-network.ec.europa.eu/projects/proinosgrow-sustainability-towards-territorial-protocol_en	False		Invalid DOI format; Low content depth (<250 tokens); Subtitle missing; CV inconsistencies: Unknown intended_purposes: dissemination, modelling, support decisionmaking and strategic planning	Document	"[""Practice abstract""]"	"[""Irrigation infrastructure system"",""Ecological outflow"",""Climate change effects"",""Water resource management"",""River water quality"",""Water abstraction reduction"",""Emergency plan"",""Sustainable water management"",""Rural development program"",""Ecological resilience""]"	"[""Environment""]"	"[""Soil management"",""Land management"",""Biodiversity"",""Agroecology"",""Rural conditions""]"	False	0.0	False	False	False	1	4	1	ok	True	1	en	True	157	22	False	0	0	True	1027	138	True	1544	194	True	10	True	True	True	0	0	0	0	0	0	3
668676ee57ddecb50d8b7f10	Policy Brief n° 2: Empowering young citizens involvement in transition towards sustainable food systems	en	en	en	14	10	4	20	2	48	8	0	1	2	5	3	0	3	3	8	0.0	True	https://cocoreado.eu/	True		Low content depth (<250 tokens); Subtitle missing; locations_flat missing or >5 items; CV inconsistencies: Unknown license: CC BYNCSA | Unknown intended_purposes: communication, dissemination, support decisionmaking and strategic planning	Document	"[""Policy brief""]"	"[""farmer"",""youth"",""food system"",""sustainability"",""consumer"",""short food supply chain""]"	"[""Crop farming"",""Environment"",""Economics"",""Society""]"	"[""Training"",""Productivity""]"	False	0.0	False	False	False	3	3	7	ok	True	1	en	True	103	13	True	0	0	True	271	38	False	1685	228	True	6	True	True	False	0	0	0	0	0	0	3
668bd88d91c8036b7bd2c9b1	Starting to evaluate the business ideasSWOT	en	en	en	24	12	4	20	0	60	8	10	1	4	5	3	0	3	3	8	0.0	True	https://cocoreado.eu/	True		Subtitle missing; locations_flat missing or >5 items; CV inconsistencies: Unknown license: CC BYSA | Unknown intended_purposes: communication, dissemination, evaluation, support decisionmaking and strategic planning	Document	"[""Handbook"",""Tutorial"",""Guide"",""Manual""]"	"[""farmer"",""sustainability"",""short food supply chain"",""youth"",""food system"",""consumer"",""SWOT"",""framework"",""business idea"",""entrepreneurship"",""replicability""]"	"[""Crop farming"",""Environment"",""Economics"",""Society""]"	"[""Training"",""Agricultural productivity"",""Productivity"",""Rural conditions""]"	False	0.0	False	False	False	3	4	8	ok	True	4	en	True	43	6	True	0	0	True	384	55	True	2947	372	True	11	True	True	False	0	0	0	0	0	0	4
673f5b1f026829d6bab4de76	Treating lameness in dairy cows without antibiotics	en	en	en	23	12	7	20	0	62	8	9	1	4	5	3	0	6	0	8	0.0	True	https://ahdb.org.uk/eurodairy	True		Subtitle missing; CV inconsistencies: Unknown intended_purposes: communication, dissemination, support decisionmaking and strategic planning	Document	"[""Technical information/specifications card"",""Guide""]"	"[""dairy cows"",""antibiotics"",""diagnosis"",""animal health.""]"	"[""Livestock""]"	"[""Animal husbandry"",""Pest control""]"	False	0.0	False	False	False	1	3	1	ok	True	2	en	True	51	7	True	0	0	True	497	80	True	1949	254	True	4	True	True	True	0	0	0	0	0	0	3
673789aa2d68c0bf0b54b698	Report to estimate the potential yield loss and associated direct and indirect economic impact	en	en	unknown	24	5	7	20	0	56	8	10	1	0	0	5	0	6	0	8	0.0	True	https://www.ponteproject.eu/	True	ko_content_flat_qwen3_30b_a3b_thinking_2507_q8_0	Low content depth (<250 tokens); Subtitle missing; CV inconsistencies: Unknown intended_purposes: dissemination	Document	"[""Deliverable report""]"	"[""Integrated pest management"",""Phythophtora"",""forests"",""Hymenoscyphus"",""Candidatus Liberibacter solanacearum"",""potato"",""olive"",""Xylella fastidiosa"",""Chalara""]"	"[""Forestry"",""Livestock"",""Environment"",""Crop farming""]"	"[""Genetic resources"",""Crop production"",""Pest control"",""Land management""]"	False	0.0	False	False	False	1	1	1	ok	True	1	en	True	94	14	True	0	0	True	1156	164	False	0	0	False	9	True	True	True	0	0	0	0	0	0	1
67e94e1685dc94a1419d917a	Handbook of Guidelines for Sustainable Diversified Cropping Systems	en	en	unknown	19	5	11	20	6	55	8	0	6	0	0	5	0	6	0	8	0.0	True	http://www.diverfarming.eu/index.php/en/	True	ko_content_flat_qwen3_30b_a3b_thinking_2507_q8_0	Low content depth (<250 tokens); Subtitle missing; CV inconsistencies: Unknown intended_purposes: dissemination, support decisionmaking and strategic planning	Document	"[""Deliverable report""]"	"[""Crop diversification"",""Lowinput farming"",""Sustainable cropping systems"",""Europe""]"	"[""Crop farming"",""Environment"",""Economics""]"	"[""Agroecology"",""Agricultural productivity"",""Crop rotation"",""Diversification"",""Soil management"",""Crop production""]"	False	0.0	False	False	False	1	2	1	ok	True	1	en	True	67	8	True	0	0	True	206	27	False	0	0	False	4	True	True	True	0	0	0	0	0	0	2
