_orig_id	title	lang_meta_detected	Structural_length	Structural_completeness	Structural_noise	Structural_formatting	Structural_Total_Raw	Structural_Score_0_25	Semantic_clarity	Semantic_usefulness	Semantic_information_density	Semantic_consistency	Semantic_Total_Raw	Semantic_Score_0_25	Domain_term_density	Domain_in_title	Domain_in_keywords	Domain_consistency	Domain_Total_Raw	Domain_Score_0_25	Domain_terms_in_title	Domain_terms_in_content	Domain_terms_in_keywords	Functional_BM25_readiness	Functional_embedding_readiness	Functional_RAG_readiness	Functional_keyword_indexability	Functional_Total_Raw	Functional_Score_0_25	Functional_keywords_in_content	Total_Quality_0_100	Notes
68650ce67807d9bc7a0b3d82	Women Innovators in Ireland - Rural Fact Sheet #038	en	5	5	5	5	20	25	5	1	5	2	13	16	0	1	1	0	2	2				2.0	3	2	4	11.0	14	innovation;social	57	
69171bd6c599337520a22085	Autonomous Precision Spraying for Sustainable Berry Farming: Reducing Chemical Inputs with AI-Driven Pest Control	en	1	5	5	1	12	15	5	1	5	0	11	14	0	1	1	0	2	2				0.0	2	0	1	3.0	4		35	
686510f77807d9bc7a0b3dab	Women Innovators in Ireland - Farming Fact Sheet #043	en	5	5	4	5	19	24	5	1	5	2	13	16	0	1	1	0	2	2				2.5	3	3	5	13.5	17	food;rural;sustainable	59	
66f679eebbc2ce0fcc43d213	OPTIMA DSS for Alternaria detection in carrots	en	5	5	3	4	17	21	1	2	5	2	10	12	2	1	1	1	5	6		crops		2.0	3	2	5	12.0	15	alternaria;apple;blight;carrots;data;disease;downy;dss;france;greece;ipm;italy;leaf;meteorological;mildew;optima;prediction;scab;spain;tool;vineyards	54	
6716b2ef8c91d2f819cc3ba5	WP2 Community of Practice	en	1	5	2	5	13	16	3	5	4	1	13	16	4	1	5	1	11	14		animal;animal health;calves;cow;cows;dairy;fodder;grazing;husbandry;lame;lameness;livestock;maize;mastitis;milk;pasture;rumen;udder;veterinary	dairy	0.0	2	3	5	10.0	12	dairy;farm;sensor	58	
67d418551274e0227fcdaeec	Integrated management of resources (water and soil) in nuts production	en	5	3	5	5	18	22	5	5	5	2	17	21	3	3	1	3	10	12	soil	crop;crops;soil		2.0	3	4	4	13.0	16	resources;use	71	Few keywords (<2)
6878eb5de4df4f63e71d99e9	LEGUMINOSE factsheet: Using Dynamic Innovation Partnerships to facilitate uptake of intercropping innovations	en	5	5	5	5	20	25	5	1	5	2	13	16	2	1	1	1	5	6		soil		2.0	3	2	5	12.0	15	adoption;agrifood;chains;dynamic;innovation;intercropping;partnerships;value	62	
6704f1a70a8de6e500a4fa96	Decision support systems for pest and disease management in tomato cultivation	en	5	5	5	5	20	25	5	1	5	2	13	16	3	1	1	1	6	8		crop;crops		2.0	3	2	5	12.0	15	dacom;decision;disease;dss;evja;ipm;monitoring;pest;prediction;support;systems;tomato	64	
6716b5518c91d2f819cc3c96	Organic Rotational Stocking with White Clover, Forage Self-sufficiency, Short and Local Marketing	en	5	5	4	5	19	24	5	1	5	1	12	15	4	1	1	1	7	9		animal;cows;crop;dairy;fodder;grazing;maize;manure;silage;soil		2.0	3	2	3	10.0	12	grassland	60	
67d4172db95b1fb603b471e9	Mechanised resin extraction method	en	5	5	5	5	20	25	5	3	5	1	14	18	0	1	1	0	2	2				2.0	3	3	5	13.0	16	forest;product;resin	61	
66b1d48045168fd6c4c5658f	To N-fertilize cereal-legume intercrops or not	it	5	3	5	4	17	21	4	3	5	1	13	16	2	1	1	1	5	6		crop;soil;wheat		2.0	3	2	5	12.0	15	cereal;intercropping;intercrops;legume;nfertilize	58	Few keywords (<2); Detected non-EN metadata language: it
67acb0e7b90e38fe8181e9e1	Establishing long-term nitrogen response of global cereals to assess sustainable fertilizer rates.	en	1	5	1	5	12	15	3	4	3	1	11	14	3	3	1	3	10	12	fertilizer	barley;corn;crop;crops;dairy;fertiliser;fertilizer;husbandry;livestock;maize;manure;soil;veterinary;wheat		0.0	2	3	5	10.0	12	cereals;nitrogen;response	53	
6799fce7a591ef7f1d7585ac	European Dairy Farms : Efficient but Resilient ?	en	5	5	5	5	20	25	4	4	5	1	14	18	3	3	3	3	12	15	dairy	animal;cow;dairy;milk	dairy	2.0	3	2	5	12.0	15	climatic;dairy;data;differences;economic;efficiency;environment;farm;local;long;production;regional;resilience;shocks;term	73	
67ade9c7893e5fff4ffc635c	Deformed wing virus (DWV) makes it hard to predict the impact of stress on honey bees	en	5	5	5	5	20	25	5	1	5	2	13	16	2	1	1	1	5	6		pesticide		2.0	3	2	5	12.0	15	bees;equilibria;health;honey;pesticides;stressors	62	
6777b555f99a3bf65ed0341f	Practice Abstract del GO PRORURAL para impulsar el desarrollo económico de las zonas rurales, mediante la generación de un mercado responsable para productos forestales innovadores	en	5	5	3	1	14	18	1	3	5	2	11	14	0	1	1	0	2	2				2.0	3	3	5	13.0	16	environmental;footprint;forest;forestry;forests;production;public;system	50	
660d1ad197edc795f6627b45	Basic hygiene measures against avian influenza infections in Hungary	en	5	5	4	1	15	19	1	1	5	1	8	10	2	1	1	1	5	6		veterinarian;veterinary		2.0	3	3	4	12.0	15	avian;biosecurity	50	
68aefb40a408fb38e046d377	MojGozdar portal: A Due Diligence and Traceability System for Forest Wood Trade in Slovenia	en	5	5	4	5	19	24	3	4	5	1	13	16	0	1	1	0	2	2				2.0	3	3	5	13.0	16	diligence;due;eu;forest;regulation;slovenia;timber;traceability;trade;wood	58	
6879e3537515ec9f32050c8d	Enhancing Local Wine Production Through Indigenous Yeast Strains Collection	en	5	5	5	5	20	25	5	2	5	3	15	19	0	1	1	0	2	2				2.5	4	2	5	13.5	17	areas;collection;commercial;indigenous;local;oenological;production;products;starter;strains;vocation;wine;winegrowing;winemaking;yeast;yeasts	63	
6735feae1b60fde7c126b5eb	Guidelines for predictive differential irrigation scheduling and water application	en	5	5	4	5	19	24	4	4	5	1	14	18	2	1	1	1	5	6		barley;corn;crop;crops;soil;wheat		2.0	3	4	5	14.0	18	conceptual;design;requirements;user	66	
6879e44f7515ec9f32050ca4	Certification 1 The OG PROINOS carried out the measurement of the environmental footprint and socio-economic indicators of the territory at the pilot companies…	en	5	5	3	5	18	22	5	2	5	3	15	19	2	1	1	1	5	6		fertilizer		3.0	4	3	5	15.0	19	biodiversity;certification;circular;economy;environmental;footprint;indicator;indicators;landscape;measurement;organic;socioeconomic;sqnpi;vineyard;viva;water	66	
66f57bd2a49df370f40d9abf	Application techniques in innovative IPM systems	en	5	5	4	5	19	24	1	1	5	2	9	11	2	1	1	1	5	6		crops		2.0	3	2	5	12.0	15	detection;digitalization;innovative;ipm;monitoring;technologies;tools	56	
677a9c13b191c0a36e0404cf	FAIRShare: Interactive Strategic Management Workshops in Agriculture	en	5	5	5	5	20	25	5	1	5	4	15	19	0	1	1	0	2	2				2.5	4	2	5	13.5	17	advisors;advisory;dats;digital;engagement;farmer;management;planning;smt;strategic;tool;tools	63	
668bfe82ff7b4c933a11dc98	Factsheet DSS Saddle gall midge in cereals	en	5	5	5	5	20	25	5	2	5	5	17	21	2	1	1	1	5	6		crop;crops;soil;wheat		3.0	5	2	5	15.0	19	cereals;decisions;dss;gall;ipm;midge	71	
679b5b92a591ef7f1d76d08f	The RUMIGEN Project : Gene Editing in European Ruminant Production	en	5	5	3	5	18	22	5	2	5	1	13	16	2	3	5	3	13	16	ruminant	animal;animal health;livestock;milk;ruminant	animal;animal health;ruminant	2.0	3	3	5	13.0	16	animal;biodiversity;editing;eu;farming;gene;health;policy;ruminant	70	
683747cc30ea0addf057d99e	Hemp4Soil Project Report	en	1	3	2	5	11	14	1	5	2	1	9	11	2	1	3	1	7	9		crop;dairy;fertiliser;livestock;pesticide;silage;slurry;soil	soil	0.0	2	3	5	10.0	12	agriculture;biochar;biodiversity;health;hemp;regenerative;soil	46	Few keywords (<2)
67a4baf9105c91a57da01d93	Global vineyard strategy to prevent grapevine trunk diseases	en	3	5	4	5	17	21	3	5	5	1	14	18	2	1	3	1	7	9		crop;crops;manure;soil	soil	1.0	3	0	5	9.0	11	diseases;grapevine;management;planting;practices;preparation;rootstocks;soil;trunk;vineyard	59	
6777ac14b191c0a36e0220b6	Practice Abstract del GO SOSTVAN, estrategias tecnológicas para la mejora de la sostenibilidad del sector ganadero de vacas nodrizas	en	5	5	2	1	13	16	1	1	5	2	9	11	4	1	3	1	9	11		animal;animal health;cow;livestock	livestock	2.0	3	3	5	13.0	16	beef;cattle;extensive;farmers;livestock;production;young	54	
67360c261b60fde7c126cab5	Traditional tomato varieties and cultural practices: a case for agricultural diversification with impact on food security and health of European population	en	1	5	5	1	12	15	4	1	5	0	10	12	0	1	1	0	2	2				0.0	2	0	1	3.0	4		33	
6842aa736b2cf04eb47fb717	Use of Innovative Biogas Production Technologies and Biomethane in Agriculture	en	5	5	5	5	20	25	4	1	5	2	12	15	2	1	1	1	5	6		animal;manure		2.0	3	2	5	12.0	15	agricultural;anaerobic;biogas;biomethane;innovative;materials;processing;raw;technologies	61	
68668842326aff52bc9a2dc0	Women Innovators in Germany - Farming Fact Sheet #026	en	5	5	5	5	20	25	5	1	5	2	13	16	0	1	1	0	2	2				2.5	3	2	4	11.5	14	farming;organic	57	
6716af25aac3c7a5580d80ef	Grazing System, Complex Forage Mixture and Conserved Forage for Dairy Goats	en	5	5	4	5	19	24	5	1	5	2	13	16	4	5	1	4	14	18	dairy;grazing	animal;animal health;crop;dairy;grazing;milk;soil		2.0	3	2	4	11.0	14	environment;grassland	72	
6900bfb0a0f1d577492566c3	Land-based Wildfire Prevention: Principles and Experiences on Managing Landscapes, Forests and Woodlands for Safety and Resilience in Europe	en	1	3	5	1	10	12	5	2	5	0	12	15	0	1	1	0	2	2				0.0	2	0	1	3.0	4		33	Few keywords (<2)
6870fa8df7e0c8e6439f1be7	Low-emission beef cattle breeding starts with working in the countryside! The farmer/breeder who is interested in improving the sustainability (environmental,…	en	5	5	5	5	20	25	5	2	5	3	15	19	2	1	5	1	9	11		crop;fertilizer;manure;soil	fertilizer;soil	2.5	4	2	5	13.5	17	agronomic;beef;breeding;cattle;choices;efficiency;environmental;european;farm;fertilizer;incentives;lowemission;nitrogen;nutrient;organic;potential;process;production;soil;sustainability;union;use	72	
67d41849b95b1fb603b47206	Inter-territorial Association of Wild Mushroom Harvesting Professionals	en	5	5	5	5	20	25	5	3	5	1	14	18	0	1	1	0	2	2				2.0	3	3	3	11.0	14	innovation	59	
6870f24ef7e0c8e6439f1b37	Impact of Farm Management on Antibiotic Use in Charolais Cattle	en	5	5	5	5	20	25	5	1	5	3	14	18	2	1	3	1	7	9		animal	animal	2.5	4	3	5	14.5	18	animal;antibiotic;disease;diseases;european;farm;index;management;occurrence;policy;practices;production;respiratory;sustainable;treatment;use;welfare	70	
68664f2d7807d9bc7a0b43ce	Women Innovators in Romania - Rural Fact Sheet #055	en	5	5	5	5	20	25	5	2	5	2	14	18	0	1	1	0	2	2				2.0	3	2	4	11.0	14	community;gender	59	
66cdc28d04d857e0e65d5795	MOVING Project - Building a shared understanding of Mountain Value Chains	en	5	5	4	5	19	24	5	1	5	2	13	16	0	1	1	0	2	2				2.0	3	2	5	12.0	15	chains;community;knowledge;mountains;value	57	
67d418511274e0227fcdaee9	Exchange between chestnut growers	en	5	5	5	5	20	25	5	3	5	2	15	19	0	1	1	0	2	2				2.0	3	3	5	13.0	16	forest;management;products	62	
6879e6eba8eeff436742b961	Conclusions 3 With the SmartAP project, it was also shown that system optimization for vertical farming can increase production by 42% compared to a mixed…	en	5	5	5	4	19	24	5	1	5	3	14	18	0	1	1	0	2	2				2.5	4	3	5	14.5	18	analysis;aquaponics;breakeven;business;chain;farming;increase;market;optimization;plan;price;production;project;sales;strategies;supply;system;vertical	62	
6842a933ad0aaa69190c0803	Biomodified Colostrum for Healthier Dairy Herds: Reducing Antimicrobial Use and Disease Outbreaks in Lithuanian Cattle Farms	en	5	5	5	4	19	24	4	1	5	2	12	15	3	3	3	3	12	15	dairy	animal;animal health;calves;dairy;veterinary	dairy	2.0	3	2	5	12.0	15	antimicrobial;biotechnological;cattle;colostrum;dairy;disease;farms;outbreaks;solutions;use	69	
6707df5bfd7af7b36f8ef497	The European Night of Researchers, Women and men who do science for you	en	5	5	4	5	19	24	3	1	5	2	11	14	2	1	1	1	5	6		crops		2.0	3	2	4	11.0	14	event;ipm	58	
66b079818bfbbeb036c8a588	Practice Abstract: BIGH Brussels Aquaponic Farm	en	5	5	5	5	20	25	5	3	5	1	14	18	0	1	1	0	2	2				2.0	3	2	5	12.0	15	chain;circular;energy;food;supply;waste	60	
67373620ae34392dd1825d2a	Novel biocontrol agents for insect pests from neuroendocrinology	en	5	5	3	5	18	22	5	1	5	2	13	16	2	1	1	1	5	6		crop		2.5	2	4	3	11.5	14	insects	58	
660d037b557d591377fe3b05	Training for poultry workers during coaching	en	5	5	4	4	18	22	4	3	5	1	13	16	2	1	1	1	5	6		manure;pathogen		2.0	3	3	5	13.0	16	biosecurity;coaching;workshop	60	
6878a71ee4df4f63e71d9854	AGROSUS Soil and Weed Sampling Kit	en	5	5	5	5	20	25	5	2	5	2	14	18	3	3	1	3	10	12	soil	crop;herbicide;soil		2.0	3	5	5	15.0	19	agrosus;management;weed	74	
687a31f02eb8b7cc4584849b	Dehydrated Traditional Romanian Ecological Apple Products: Market Promotion and Feedback Collection	en	5	5	4	4	18	22	5	2	5	3	15	19	0	1	1	0	2	2				2.5	4	2	5	13.5	17	added;apples;ecological;feedback;high;information;market;model;nutritional;packaging;product;products;questionnaire;romanian;tastings;traditional;value	60	
6870f8a6df79b57710cff50f	Divulgation and territorial promotion The project results will be disseminated and become public through multiple actions at local and national level …	en	5	5	4	4	18	22	5	2	5	3	15	19	2	1	3	1	7	9		crop	crop	2.5	4	2	5	13.5	17	actions;communication;crop;demonstration;dissemination;innovations;involvement;knowledge;project;promotion;social;strategies;territorial;transfer;users;website;workshops;young	67	
686503f8326aff52bc9a23ff	Women Innovators in Ireland - Rural Fact Sheet #032	en	5	5	5	5	20	25	5	1	5	2	13	16	0	1	1	0	2	2				2.0	3	4	5	14.0	18	food;local;sustainability	61	
6788f265a1dc5a01e3c888a3	FAIRshare: Tuscany Living Lab for wider adoption of DATS.	en	5	5	5	1	16	20	3	3	5	3	14	18	0	1	1	0	2	2				2.5	4	0	5	11.5	14	advisors;advisory;dats;development;digital;engagement;farmer;growing;lab;living;olive;support;system;tools;webapp	54	
6737339eae34392dd1825b0d	Genomic filtering of neuropeptide sequences	en	5	5	4	5	19	24	4	2	5	2	13	16	0	1	1	0	2	2				2.5	3	4	3	12.5	16	insects	58	
686efed4daff72a6956369dc	Enhancing Soil Water Retention with Super-Absorbents for Sustainable Agriculture	en	5	5	5	5	20	25	5	2	5	3	15	19	2	3	5	3	13	16	soil	crops;soil	soil	2.5	4	2	5	13.5	17	binding;costs;cultivation;dosing;ecological;food;functional;irrigation;production;retention;soil;specialized;superabsorbents;technologies;water	77	
6716ad278c91d2f819cc3967	Camera Controlled Mechanical Intra-rowweed Regulation	en	5	5	5	5	20	25	5	1	5	2	13	16	3	1	1	1	6	8		crop;crops;fertilizer;pesticide;soil		2.0	3	3	5	13.0	16	beet;control;image;intrarow;mechanical;processing;sugar;weed	65	
673dbb9dbe4b4e29766e6b53	AKIS analytical tools	en	1	5	1	5	12	15	1	5	3	1	10	12	2	1	1	1	5	6		animal;crop;crops;dairy;husbandry;livestock;milk		0.0	2	3	5	10.0	12	actors;advisory;akis;among;assessment;flows;interactions;services	45	
6879e456a8eeff436742b92a	Irrigation 1 With the application of ecological outflow and the effects of climate change, the Consortium implements activities to improve the resilience of…	en	5	5	4	1	15	19	3	1	5	3	12	15	0	1	1	0	2	2				2.5	4	2	5	13.5	17	abstraction;change;climate;development;ecological;effects;emergency;infrastructure;irrigation;management;outflow;plan;program;quality;reduction;resilience;resource;rural;sustainable;system;water	53	
668676ee57ddecb50d8b7f10	Policy Brief n° 2: Empowering young citizens involvement in transition towards sustainable food systems	en	5	5	3	5	18	22	5	5	5	1	16	20	0	1	1	0	2	2				2.0	3	2	5	12.0	15	chain;food;supply;sustainability;system;youth	59	
668bd88d91c8036b7bd2c9b1	Starting to evaluate the business ideas - SWOT	en	3	5	3	5	16	20	5	5	5	1	16	20	2	1	1	1	5	6		animal;crop		1.0	3	3	5	12.0	15	business;chain;consumer;entrepreneurship;farmer;food;framework;idea;replicability;short;supply;sustainability;swot;system;youth	61	
673f5b1f026829d6bab4de76	Treating lameness in dairy cows without antibiotics	en	5	5	5	5	20	25	5	5	5	2	17	21	5	5	5	5	20	25	cows;dairy;lameness	animal;cow;cows;dairy;digital dermatitis;hoof;hooves;interdigital;lame;lameness;milk;phlegmon;sole ulcer;veterinary	animal;animal health;cows;dairy	2.5	3	5	5	15.5	19	animal;antibiotics;cows;dairy;diagnosis;health	90	
673789aa2d68c0bf0b54b698	Report to estimate the potential yield loss and associated direct and indirect economic impact	en	1	5	2	5	13	16	1	5	1	1	8	10	2	1	1	1	5	6		animal;crop;crops;pathogen		0.0	3	3	5	11.0	14	candidatus;fastidiosa;integrated;liberibacter;management;olive;pest;potato;solanacearum;xylella	46	
67e94e1685dc94a1419d917a	Handbook of Guidelines for Sustainable Diversified Cropping Systems	en	1	5	2	5	13	16	1	4	2	1	8	10	3	1	3	1	8	10		animal;barley;cow;crop;crops;dairy;fertiliser;fodder;herbicide;livestock;maize;manure;milk;pesticide;slurry;soil;wheat	crop	0.0	3	3	5	11.0	14	crop;cropping;diversification;europe;farming;lowinput;sustainable;systems	50	
683b081cca69681aaab9637d	Lough Sheelin Riparian Zone Enhancement - EIP Project Final Report	en	5	3	4	5	17	21	3	2	5	2	12	15	2	1	1	1	5	6		animal;soil		2.0	3	3	5	13.0	16	biodiversity;quality;riparian;water;zone	58	Few keywords (<2)
66684738c40a2778e792257e	Factsheet DSS carrot fly Warwick model	en	5	5	5	5	20	25	5	1	5	4	15	19	2	1	1	1	5	6		crop;soil		3.0	4	2	5	14.0	18	carrot;decisions;dss;fly;ipm;warwick	68	
6704ec83fd7af7b36f8e88ee	Brochure Preventing HLB epidemics for ensuring citrus survival in Europe	en	5	5	3	5	18	22	5	3	5	3	16	20	2	1	1	1	5	6		crop		2.5	4	2	5	13.5	17	bacteria;citrus;control;disease;hlb;insect;symptoms;vector	65	
6735f910bdcb1e8a974a9c35	Visions of sustainable prosperous farming communities	en	5	5	3	5	18	22	1	3	5	1	10	12	2	1	1	1	5	6		crop;crops;fertilizer;livestock;maize;soil;wheat		2.0	3	5	5	15.0	19	communities;farming;prosperous;sustainable;visioning	59	
6724c283856efe8bda9b4d2c	CERERE Project - Agrobiodiversity: Success stories in Europe	en	1	5	0	5	11	14	1	5	2	1	9	11	2	1	1	1	5	6		animal;barley;corn;crop;crops;dairy;fertiliser;fertilizer;fodder;livestock;manure;soil;veterinarian;wheat		0.0	2	2	5	9.0	11	case;cerere;diversity;farming;food;innovation;input;low;multiactor;organic;study;systems	42	
66225f47ad7afadbfd52a375	Buena planificación: Guía Práctica	es	3	3	2	5	13	16	1	1	3	1	6	8	0	1	1	0	2	2				1.0	3	0	1	5.0	6		32	Few keywords (<2); Detected non-EN metadata language: es
6716a66c8c91d2f819cc367e	Policy Brief 'Supporting Networks'	en	5	5	4	5	19	24	4	5	5	1	15	19	2	1	1	1	5	6		dairy;livestock;milk		2.0	3	3	5	13.0	16	knowledge;network;networks;productivity;sharing;sheep;support;thematic;transnational;workshops	65	
686efedcdaff72a6956369e0	Development of a Pilot Dryer for Sustainable Fertilizer Production	en	5	5	5	5	20	25	5	1	5	3	14	18	3	3	5	3	14	18	fertilizer	fertilizer;husbandry	fertilizer;husbandry	2.5	4	0	5	11.5	14	agricultural;ammonia;bird;design;dryer;fertilizer;hazardous;husbandry;installation;market;multicomponent;pilot;products;prototype;waste	75	
68b05374a408fb38e046e221	Episode 2: Exploring Root Ideotypes and Plasticity: Strategies for Resilient Agriculture	en	1	5	5	1	12	15	5	1	5	0	11	14	0	1	3	0	4	5			crop	0.0	2	0	1	3.0	4		38	
676e8dcefd164d5be8cf5f50	Long term soil phosphorus (P) mining in agriculture	en	1	3	5	5	14	18	5	1	5	2	13	16	4	3	3	3	13	16	soil	soil	soil	1.0	3	0	5	9.0	11	carbon;mining;organic;phosphorus;soil	61	Few keywords (<2)
67a5dc614dce35cb3766e13a	Grapevine Trunk Diseases : Symptoms and Epidemiology	en	1	5	4	5	15	19	5	2	5	2	14	18	0	1	1	0	2	2				0.5	3	0	5	8.5	11	epidemiology;grapevine;trunk	50	
67c5d3ba8287d0b6a9b2fe70	The use of subsurface irrigation in viticulture	en	3	5	4	1	13	16	4	1	5	3	13	16	0	1	1	0	2	2				1.5	4	0	5	10.5	13	irrigation;subsurface;viticulture	47	
6740a24ff4eb35c830877aa7	Risks which cause animal losses on intensive fattening farms	en	1	5	5	1	12	15	5	1	5	0	11	14	0	3	5	0	8	10	animal		animal;livestock	0.0	2	0	1	3.0	4		43	
66ced0b78bfbbeb036cb86a2	MOVING Project - Vulnerability and resilience of the beef production in the mountain regions	en	1	5	5	1	12	15	5	1	5	0	11	14	0	1	1	0	2	2				0.0	2	0	1	3.0	4		35	
67c6d1a58287d0b6a9b3227b	Improvement of Avocado Productivity in Málaga, Cádiz, Comunidad Valenciana and Canarias	en	1	5	5	5	16	20	5	1	5	3	14	18	0	1	1	0	2	2				2.0	4	0	5	11.0	14	avocado;group;improvement;innovation;operational;productivity	54	
67211001f631654f755179dd	EUnetHorse project - Presentation video	en	1	5	5	1	12	15	5	1	5	0	11	14	0	1	1	0	2	2				0.0	2	0	1	3.0	4		35	
66cee9508bfbbeb036cb8e7b	MOVING Project - Vulnerability and resilience of the honey production in a mountain area	en	1	5	5	1	12	15	5	1	5	0	11	14	0	1	1	0	2	2				0.0	2	0	1	3.0	4		35	
66cee88945168fd6c4c82f0e	MOVING Project - Vulnerability and resilience of a specific sheep breed in a mountain region	en	1	5	5	1	12	15	5	1	5	0	11	14	0	1	1	0	2	2				0.0	2	0	1	3.0	4		35	
66dee0feba998013c326b323	TheGreefa Training: Module 4 - Environmental assessment	en	1	5	5	1	12	15	5	1	5	1	12	15	0	1	1	0	2	2				0.0	3	0	1	4.0	5		37	
68417f29e3352e0916cd61d7	Automatic Cleaning for Pigs	en	1	5	5	5	16	20	5	1	5	3	14	18	0	1	5	0	6	8			animal;husbandry	2.0	4	0	3	9.0	11	cleaning	57	
67a60a54733cbe2c7df8283c	Flavescence Dorée – How to manage it ?	en	1	5	4	5	15	19	5	2	5	3	15	19	0	1	1	0	2	2				0.5	4	0	4	8.5	11	flavescence	51	
66cee5c904d857e0e65d6f42	MOVING Project - Vulnerability and resilience of the chestnut flour value chain	en	1	5	5	1	12	15	5	1	5	0	11	14	0	1	3	0	4	5			soil	0.0	2	0	1	3.0	4		38	
6659b7629f28fcb3f00d0318	Evolution of IPM techniques and the advisory service in Navarra	en	1	5	5	1	12	15	4	1	5	0	10	12	0	1	3	0	4	5			crop	0.0	2	0	1	3.0	4		36	
67bd7abd7e17de31ed87fb1e	Shovelomics in Faba Beans: A Practical Guide	en	1	5	5	1	12	15	5	3	5	0	13	16	0	1	1	0	2	2				0.0	2	0	1	3.0	4		37	
66d5b9977001a061fd32b233	TheGreefa promotional video	en	1	5	5	1	12	15	5	1	5	0	11	14	0	1	1	0	2	2				0.0	2	0	1	3.0	4		35	
67a6056b733cbe2c7df822f5	Managing Eutypa Dieback - Preventing Infection - Fungicide Spraying	en	1	5	5	5	16	20	5	1	5	1	12	15	0	3	5	0	8	10	fungicide		fungicide	0.0	3	0	4	7.0	9	eutypa;spraying	54	
66ceecff04d857e0e65d7347	MOVING Project - Vulnerability and resilience of greenhouse tomato production in the mountain region	en	1	5	5	1	12	15	5	1	5	0	11	14	0	1	3	0	4	5			soil	0.0	2	0	1	3.0	4		38	
6847d8049667d5f2b0f559b2	Precision Farming: Flax (FlaxSense)	en	1	5	5	5	16	20	5	1	5	3	14	18	0	1	1	0	2	2				2.5	4	0	5	11.5	14	farming;flax;flaxsense;precision	54	
67a9f7a1105c91a57da49d6d	Shovelomics in potato: how to study potato root systems with a shovel	en	1	5	5	1	12	15	5	2	5	0	12	15	0	1	3	0	4	5			soil	0.0	2	0	1	3.0	4		39	
67a5e1924dce35cb3766e907	Flavescence Dorée – How to manage it ?	en	1	5	4	5	15	19	5	2	5	3	15	19	0	1	1	0	2	2				0.5	4	0	4	8.5	11	flavescence	51	
66d1c509268b4b5762f9464f	Continental Region	en	1	5	5	1	12	15	4	1	5	0	10	12	0	1	1	0	2	2				0.0	2	0	1	3.0	4		33	
66991bf745168fd6c4c32655	Fieldwork reflections: studying direct marketing of farm produce in Latvia	en	1	5	5	1	12	15	4	1	5	0	10	12	0	1	1	0	2	2				0.0	2	0	1	3.0	4		33	
66d1ca2e292138e1f49af574	Boreal Region	en	1	5	5	1	12	15	4	1	5	0	10	12	0	1	1	0	2	2				0.0	2	0	1	3.0	4		33	
67a5d97b4dce35cb3766dd2d	Grapevine Trunk Diseases : Managing the infected vines	en	1	5	4	5	15	19	5	2	5	3	15	19	0	1	1	0	2	2				1.5	4	0	5	10.5	13	grapevine;infected;trunk	53	
67ab101c29b5d636ce76d8e5	Radio Frequency IDentification (RFID) Low Frequency (LF) Tags and Readers	en	1	5	5	5	16	20	5	1	5	4	15	19	0	1	1	0	2	2				3.0	5	0	5	13.0	16	lf;readers;rfid;tags	57	
67c5d6818287d0b6a9b2fed5	Sustainability of Avocado Crop in Europe	en	1	5	4	1	11	14	4	1	5	2	12	15	2	3	3	3	11	14	crop	crop	crop	0.5	3	0	5	8.5	11	avocado;crop;europe;sustainability	54	
66d1cc41268b4b5762f94956	Ecosystem services from permanent grasslands | Result Video	en	1	5	5	1	12	15	5	1	5	0	11	14	0	1	1	0	2	2				0.0	2	0	1	3.0	4		35	
6721f064bbe71983a0226fa3	EUnetHorse - Animated presentation video	en	1	5	5	1	12	15	5	1	5	0	11	14	0	1	1	0	2	2				0.0	2	0	1	3.0	4		35	
6659bd1ba613cc9ed34bb586	The struggles behind adopting new technologies	en	1	5	5	1	12	15	4	1	5	0	10	12	0	1	3	0	4	5			crop	0.0	2	0	1	3.0	4		36	
6847e3ca9667d5f2b0f559f9	Reduction of the use of antibiotics in heavy pig farms: productive and qualitative effects	en	1	5	5	5	16	20	5	1	5	4	15	19	0	1	5	0	6	8			animal;animal health	3.0	5	0	4	12.0	15	antibiotics;pig	62	
67c6e4208287d0b6a9b32450	Studies and project outcomes on vineyards, soil conservation, and the cultivation of avocados, citrus fruits, cherries, and olives.	en	5	5	3	4	17	21	5	1	5	2	13	16	2	3	3	3	11	14	soil	soil	soil	2.0	2	0	5	9.0	11	agriculture;citrus;conservation;groups;innovation;operational;soil;vineyards	62	
67c6c9fdf6ac30ef5302d0c2	Redesign of Wine Systems for Improving Soil Biological Quality and Soil Conservation in Midi-Pyrénées	en	1	5	5	5	16	20	5	1	5	3	14	18	5	5	5	3	18	22	soil	soil	soil	2.0	4	0	5	11.0	14	biological;conservation;midipyrénées;quality;soil;systems;wine	74	
66cee55445168fd6c4c82cb2	MOVING Project - Vulnerability and resilience of the viticultural sector in the mountain areas	en	1	5	5	1	12	15	5	1	5	0	11	14	0	1	3	0	4	5			soil	0.0	2	0	1	3.0	4		38	
66d1ccd47001a061fd326fbf	Role of multi-species swards in delivering ecosystem services | Result Videos	en	1	5	5	1	12	15	5	1	5	0	11	14	0	1	1	0	2	2				0.0	2	0	1	3.0	4		35	
66d1cd3a292138e1f49af625	Overseeding and slot seeding | Result Videos	en	1	5	5	1	12	15	5	1	5	0	11	14	0	1	1	0	2	2				0.0	2	0	1	3.0	4		35	
684183a5e3352e0916cd6228	Complex System for Valorization of Beekeeping By-Products for Obtaining Bioactive Powder - Biopowder	en	1	5	4	5	15	19	5	1	5	4	15	19	0	1	1	0	2	2				2.5	5	0	5	12.5	16	bioactive;byproducts;powder	56	
65f9aa93137e1cd60be198c7	Ammonia emission capture from the pig livestock as a circular solution from the OG Gas_Loop activities	en	1	5	5	1	12	15	4	1	5	0	10	12	0	3	3	0	6	8	livestock		livestock	0.0	2	0	1	3.0	4		39	
67a4a759105c91a57d9ffe20	Good Practice of FAIRshare: User-Centred Design for Diversity	en	1	5	5	1	12	15	5	2	5	0	12	15	0	1	1	0	2	2				0.0	2	0	1	3.0	4		36	
6716b849aac3c7a5580d8543	How Can I Detect Mantitis?	en	3	5	3	5	16	20	5	2	5	1	13	16	4	1	3	1	9	11		mastitis;milk;udder	cow	1.0	3	0	3	7.0	9	infection	56	
65a671b0d7c24297492b58a9	COOPID infographic – Livestock sector	en	5	5	4	5	19	24	5	2	5	1	13	16	3	3	3	3	12	15	livestock	crop;crops;fertilizer;livestock;manure	livestock	2.0	3	2	5	12.0	15	bioeconomy;biogas;livestock	70	
6716b61baac3c7a5580d8436	Lessons from New Zealand Sheep Production	en	5	5	5	1	16	20	1	1	5	1	8	10	2	1	1	1	5	6		grazing		2.0	3	0	5	10.0	12	innovations;production;sheep	48	
6716b7e1aac3c7a5580d8519	Effect of Silage Feed Value on Concentrate Requirement during Late Pregnancy	en	3	5	5	1	14	18	3	1	5	2	11	14	3	3	3	3	12	15	silage	silage	silage	2.0	3	0	5	10.0	12	concentrate;lambing;pregnancy;silage	59	
6716b888aac3c7a5580d855d	How can your Farm Data Work for you?	en	1	5	4	5	15	19	5	2	5	2	14	18	2	1	5	1	9	11		animal	animal;dairy	0.0	3	0	5	8.0	10	animal;data;farm	58	
687f85a84ac5ce725ad82c37	DRYAD Roll-up	en	5	5	5	4	19	24	5	1	5	1	12	15	0	1	1	0	2	2				2.0	3	0	5	10.0	12	dryad;ecosystems;mediterranean;naturebased;solutions	53	
687df08b4ac5ce725ad81da4	LEGUMINOSE infographic: The effect of legume–cereal intercropping on the rhizobiome	en	1	5	5	1	12	15	5	1	5	0	11	14	0	1	5	0	6	8			soil	0.0	2	0	1	3.0	4		41	
6716b8d6209cd9bd370e5f2a	Milk as a Management Tool?	en	5	5	3	4	17	21	5	1	5	1	12	15	5	3	5	3	16	20	milk	calves;cow;mastitis;milk;veterinary	dairy;milk	2.0	3	0	5	10.0	12	management;milk;tool	68	
6716b8ef209cd9bd370e5f42	Why should I use an Automatic Calf Feeding System?	en	3	5	3	5	16	20	5	1	5	2	13	16	3	3	5	3	14	18	calf	calf	calf	1.0	3	0	5	9.0	11	automatic;calf;feeding;system	65	
67604593585b049643b041bb	Red de Espacios Test Agrarios (RETA), resultados del proyecto del grupo operativo RETA	es	1	5	5	3	14	18	5	1	5	1	12	15	0	1	1	0	2	2				0.0	3	0	1	4.0	5		40	Detected non-EN metadata language: es
67befe437e17de31ed8ac1d8	Ficha del GO INKING sobre el melocotón, Causas y soluciones	es	5	5	3	5	18	22	1	1	5	2	9	11	2	1	1	1	5	6		animal		2.5	3	3	5	13.5	17	abono;agraria;de;defecto;dream;fisiopatía;fruta;hueso;madurez;producción;riego;ryan;sun;sweet;variedades	56	Detected non-EN metadata language: es
67e4376dbe0d99d6c257b243	Newsletter 4 del Grupo Operativo Tuber Label, actividad final de proyecto innovador sobre la trufa negra	es	5	5	1	5	16	20	1	1	5	1	8	10	0	1	1	0	2	2				2.0	2	2	5	11.0	14	actividades;alimentaria;bosque;calidad;comercialización;gastronomía;innovación;jornada;melanosporum;mesa;negra;resultados;seminario;sostenibilidad;trazabilidad;trufa;tuber	46	Detected non-EN metadata language: es
6776735ef99a3bf65ecefa47	Practice abstract del GO MADERA de CONSTRUCCIÓN SOSTENIBLE, Herramienta inteligente para la selección de productos de madera destinados a la construcción	en	5	5	2	1	13	16	1	1	5	2	9	11	0	1	1	0	2	2				2.0	3	3	5	13.0	16	building;buildings;construction;industry;intelligent;products;selection;sustainable;tool;wood	45	
67b1b73ec39e5e02d7ed7bab	Grupo Operativo Cereal Agua - Entrevista a Carlos Marcos Primo, de Confederación Hidrográfica del Duero	es	1	5	5	1	12	15	5	1	5	0	11	14	0	1	1	0	2	2				0.0	2	0	1	3.0	4		35	Detected non-EN metadata language: es
67b1b574c39e5e02d7ed7932	Grupo Operativo Cereal Agua - Entrevista a José Mora Jordano, del INGEMA Real Jardín Botánico de Córdoba	es	1	5	5	1	12	15	5	1	5	0	11	14	0	1	1	0	2	2				0.0	2	0	1	3.0	4		35	Detected non-EN metadata language: es
67b1b2b5c39e5e02d7ed75cc	Entrevista a José Martínez Fernández de la Universidad de Salamanca, miembro del GO Cereal Agua	es	1	5	5	1	12	15	5	1	5	0	11	14	0	1	1	0	2	2				0.0	2	0	1	3.0	4		35	Detected non-EN metadata language: es
67c7109005c5a5fadf7b195b	Programa de Radio de la Despensa de Radio Nacional de España sobre el GO TOMPRINT que pretende identificar y gestionar el impacto ambiental producido por el tomate de industria	es	1	5	5	1	12	15	5	1	5	0	11	14	0	1	1	0	2	2				0.0	2	0	1	3.0	4		35	Detected non-EN metadata language: es
67b1b02277075a43784b8717	Entrevista al coordinador del GO Cereal Agua: Federico Julián Fuentes	es	1	5	5	1	12	15	4	1	5	0	10	12	0	1	1	0	2	2				0.0	2	0	1	3.0	4		33	Detected non-EN metadata language: es
67729154b191c0a36efe6b22	VIDEO del Grupo Operativo VITICAST que muestra una presentación sobre los trabajos del proyecto para mejorar la gestión de enfermedades fúngicas en el viñedo	es	1	5	5	1	12	15	4	1	5	0	10	12	0	1	1	0	2	2				0.0	2	0	1	3.0	4		33	Detected non-EN metadata language: es
673f3abad1d7dd817126b2b6	Vídeo del grupo operativo APWaste, degradación de agroplásticos mediante insectos y microorganismos	es	1	5	5	1	12	15	4	1	5	0	10	12	0	1	1	0	2	2				0.0	2	0	1	3.0	4		33	Detected non-EN metadata language: es
673f3d403d6dd1ddb0f864d9	Vídeo del proyecto del GO AGUACAVALUE, revalorización de los subproductos del aguacate para otros usos alternativos	es	1	5	5	1	12	15	4	1	5	0	10	12	0	1	1	0	2	2				0.0	2	0	1	3.0	4		33	Detected non-EN metadata language: es
673f48d7026829d6bab4c9e5	Vídeo del Grupo Operativo VITINNAT, soluciones innovadoras y sostenibles sobre las enfermedades en la viña	en	1	5	5	1	12	15	4	2	5	0	11	14	0	1	1	0	2	2				0.0	2	0	1	3.0	4		35	
674039ae026829d6bab53825	Vídeo del Grupo Operativo SUBALMA, herramientas innovadoras para aprovechar el subproducto líquido de las almazaras como fertilizante a través del riego de precisión en los olivares	en	1	5	5	1	12	15	5	1	5	0	11	14	0	1	3	0	4	5			fertiliser	0.0	2	0	1	3.0	4		38	
673f46dcf4eb35c83086da43	Vídeo del Grupo Operativo INNOWATER para modernizar el regadío en árboles frutales mediante nuevas tecnologías	en	1	5	5	1	12	15	5	3	5	0	13	16	0	1	1	0	2	2				0.0	2	0	1	3.0	4		37	
67403afe026829d6bab538d3	Vídeo del proyecto del GO SMARTOM Plataforma integral para el cultivo del tomate de industria	es	1	5	5	1	12	15	4	1	5	0	10	12	0	1	3	0	4	5			crops	0.0	2	0	1	3.0	4		36	Detected non-EN metadata language: es
673f3ef43d6dd1ddb0f865f7	Vídeo del Grupo Operativo INNOEXTRACT, protocolos innovadores para la obtención de compuestos derivados de los subproductos agrarios	es	1	5	5	1	12	15	4	1	5	1	11	14	0	1	1	0	2	2				0.0	3	0	1	4.0	5		36	Detected non-EN metadata language: es
67f9642845a74991cb294f04	Mesa de la propiedad, creación del GO PROMINIFUN	es	1	5	5	1	12	15	5	1	5	0	11	14	0	1	1	0	2	2				0.0	2	0	1	3.0	4		35	Detected non-EN metadata language: es
67fcad8045a74991cb298be9	Estructura de la propiedad rústica en España	es	1	5	5	1	12	15	4	1	5	1	11	14	0	1	1	0	2	2				0.0	3	0	1	4.0	5		36	Detected non-EN metadata language: es
67b0a57b893e5fff4f01e2cb	Infografía con el estado actual de los Espacios Test Agrarios en España, GO RETA	es	5	5	4	4	18	22	4	1	5	2	12	15	0	1	1	0	2	2				2.0	3	0	5	10.0	12	agrarios;espacios;test	51	Detected non-EN metadata language: es
67779840b191c0a36e02144a	Infografía del Grupo Operativo Fitoscerezo, disponibilidad de fitosanitarios y estrategias de control integrado en cerezo	es	1	5	5	1	12	15	5	1	5	0	11	14	0	1	1	0	2	2				0.0	2	0	1	3.0	4		35	Detected non-EN metadata language: es
67fa1ddde1bd15b86caedbcd	Modelización para ver la aptitud de las especies arbóreas en determinados lugares del territorio	es	1	5	5	1	12	15	4	1	5	0	10	12	0	1	1	0	2	2				0.0	2	0	1	3.0	4		33	Detected non-EN metadata language: es
67ab8133105c91a57da6bad7	La Red de Espacios Test Agrarios (RETA): una apuesta por el relevo generacional	es	5	5	2	5	17	21	1	1	3	2	7	9	0	1	1	0	2	2				2.5	3	2	5	12.5	16	agrarios;desarrollo;dinamización;espacios;generacional;innovación;red;relevo;rural;social;test	48	Detected non-EN metadata language: es
67f4d1a75585dd607261133b	Gráfico explicativo del proyecto innovador del GO SMARTOM	es	1	5	5	1	12	15	4	1	5	0	10	12	0	1	1	0	2	2				0.0	2	0	1	3.0	4		33	Detected non-EN metadata language: es
67f6b8d0e1bd15b86cae98fc	Infografía del GO PROMINIFUN, objetivo general del proyecto innovador sobre el minifundio	es	1	5	5	1	12	15	4	1	5	0	10	12	0	1	1	0	2	2				0.0	2	0	1	3.0	4		33	Detected non-EN metadata language: es
67f90766e1bd15b86caec234	Infografía con los principales actores del rastro/rostro de la tierra,	es	1	5	5	1	12	15	5	1	5	0	11	14	0	1	1	0	2	2				0.0	2	0	1	3.0	4		35	Detected non-EN metadata language: es
67e3f8840d15cf76679d560b	Cena marinada con trufa negra en Casa Silvano, Grupo Operativo Tuber Label	es	1	5	5	1	12	15	5	1	5	0	11	14	0	1	1	0	2	2				0.0	2	0	1	3.0	4		35	Detected non-EN metadata language: es
67ae36d3893e5fff4ffce0db	¿Cómo afrontamos los costes energéticos en el sector avícola?	es	5	5	4	5	19	24	1	1	5	3	10	12	0	1	1	0	2	2				2.5	4	3	5	14.5	18	avícola;costes;de;deyecciones;energía;producción;sector	56	Detected non-EN metadata language: es
67e3bd1d213290a3beedf3db	Panel informativo sobre especies de trufas en la cocina, continuación	es	1	5	5	1	12	15	5	1	5	0	11	14	0	1	1	0	2	2				0.0	2	0	1	3.0	4		35	Detected non-EN metadata language: es
67e3f6413ecd19d1b31f405d	Menú 1 de la cena marinada con trufa negra del GO Tuber Label	es	1	5	5	1	12	15	5	1	5	0	11	14	0	1	1	0	2	2				0.0	2	0	1	3.0	4		35	Detected non-EN metadata language: es
67d6ff8aee549c7cd2f70f3c	GO WOODEX, País Vasco: Ensayos de variabilidad dimensional con madera de Pinus radiata	es	1	5	5	5	16	20	5	2	5	1	13	16	0	1	1	0	2	2				0.0	3	0	3	6.0	8	madera	46	Detected non-EN metadata language: es
67e3cabc748a6c58a9b485de	Panel informativo sobre las actividades divulgativas promovidas por el Grupo Operativo Tuber Label	es	1	5	5	1	12	15	4	1	5	0	10	12	0	1	1	0	2	2				0.0	2	0	1	3.0	4		33	Detected non-EN metadata language: es
673f1fd13f8a976023486d2e	ClearFarm Co-designed Welfare Monitoring Platform for Pig and Dairy Cattle	en	1	5	5	3	14	18	5	1	5	0	11	14	0	3	5	0	8	10	dairy		animal;dairy;livestock	0.0	2	0	1	3.0	4		46	
67f6bd52e1bd15b86cae9928	Infografía sobre el GO PROMINIFUN, analizando el caso de estudio sobre la regresión de la productividad en el territorio	es	1	5	5	1	12	15	4	1	5	0	10	12	0	1	1	0	2	2				0.0	2	0	1	3.0	4		33	Detected non-EN metadata language: es
6895947599d6cb1e864d5f63	Bosque Modelo Palencia y el grupo operativo FungiGO buscan un modelo de negocio inclusivo basado en las setas	es	5	5	4	5	19	24	4	1	5	2	12	15	0	1	1	0	2	2				2.5	3	2	5	12.5	16	bosque;desarrollo;inclusión;modelo;rural;setas;social	57	Detected non-EN metadata language: es
67e3260f7caa9250f5fb3e0b	Panel informativo sobre el perfil del consumidor de trufa negra	es	1	5	5	1	12	15	5	1	5	1	12	15	0	1	1	0	2	2				0.0	3	0	1	4.0	5		37	Detected non-EN metadata language: es
67fa2290e1bd15b86caedc4d	Iniciativas del GO PROMINIFUN para aumentar el valor de la propiedad forestal	es	1	5	5	1	12	15	5	1	5	0	11	14	0	1	1	0	2	2				0.0	2	0	1	3.0	4		35	Detected non-EN metadata language: es
67d2dda7485e107c290ed8b5	Teeltfiche gele mosterd	nl	1	5	5	1	12	15	5	1	5	0	11	14	0	1	1	0	2	2				0.0	2	0	1	3.0	4		35	Detected non-EN metadata language: nl
683f047ee3352e0916cd188a	Naar een waarschuwingssysteem 2.0 in prei en kolen	nl	5	5	5	5	20	25	5	1	5	1	12	15	0	1	3	0	4	5			crop	2.0	3	2	5	12.0	15	ipm;kolen;prei	60	Detected non-EN metadata language: nl
687041d0daff72a695637497	Tweespan - Lokale bioeiwitketen vanuit Tweespan Biograno-La Vie est Belle	nl	3	5	5	4	17	21	5	1	5	3	14	18	2	1	1	1	5	6		crops		1.5	4	0	5	10.5	13	bedrijven;biologisch;business;duurzame;eiwithoudende;f2b;farmer;foodservice;gewassen;lokale;samenwerking	58	Detected non-EN metadata language: nl
67d2dbe1485e107c290ed893	Rendabiliteitsanalyse gele mosterd	nl	1	5	5	1	12	15	5	1	5	0	11	14	0	1	3	0	4	5			crop	0.0	2	0	1	3.0	4		38	Detected non-EN metadata language: nl
68703fe38811632f7cf20309	NH3 Optimaal: Verbeteren van het saldo bij gelijke ammoniak belasting	nl	5	5	5	3	18	22	5	1	5	3	14	18	2	1	1	1	5	6		dairy		3.0	4	2	5	14.0	18	ammoniakbelasting;ammoniakemissie;bedrijfssaldo;benchmarkingtool;economische;kengetal;keuzes;kg;kpisysteem;melkveebedrijven;nh3;per;saldo	64	Detected non-EN metadata language: nl
67812981639b54b77498f8b3	Waterketen	af	5	5	5	5	20	25	4	1	5	1	11	14	0	1	1	0	2	2				2.0	3	2	5	12.0	15	water	56	Detected non-EN metadata language: af
65f8134d2510a16ec2047dd0	OG RENURE: Agronomic performance of manure-derived ammonium salts as RENURE fertilisers	en	5	5	2	5	17	21	4	1	5	1	11	14	0	1	3	0	4	5			fertiliser	2.0	3	2	4	11.0	14	scrubbing;stripping	54	
684febf4f04c3dd10fa46abd	Fruitful collaboration on your farm	en	1	5	2	5	13	16	1	1	2	1	5	6	0	1	1	0	2	2				0.0	2	0	5	7.0	9	bedrijfsontwikkeling;boerderij;samenwerken	33	
68703fd4daff72a695637410	Variabele aardappelpoten voor hogere opbrengst en pootgoedkost	nl	5	5	5	5	20	25	5	1	5	3	14	18	0	1	1	0	2	2				2.5	4	2	5	13.5	17	aardappelen;densiteit;groeiseizoen;nutriënten;opbrengst;plantafstand;pootafstand;poten;rijpaden;variabel	62	Detected non-EN metadata language: nl
66018e0c1835ca2c51a1acc8	OG_Pocketboer II: Nieuwsartikels	en	5	5	4	5	19	24	5	1	5	1	12	15	0	1	1	0	2	2				2.0	3	2	4	11.0	14	biogas;pocket	55	
67d2ea94e79e26700c197aaa	A2A2 melk, niche of marktopportuniteit?	nl	3	5	2	5	15	19	1	1	5	1	8	10	2	1	5	1	9	11		animal;cow;cows;dairy;milk	cows;milk	2.0	3	0	5	10.0	12	a2a2;betacasein;cows;jersey;lactose;milk;protein	52	Detected non-EN metadata language: nl
687042b88811632f7cf203ba	Stemphystress - Zwartvruchtrot beheersen = meer dan alleen maar fungicidenbehandelingen?	nl	3	5	5	5	18	22	5	1	5	4	15	19	2	1	1	1	5	6		fungicide		2.0	5	0	5	12.0	15	beheersingsschemas;bodem;chemische;evenwicht;gevoeligheid;gewasbeschermingsmiddelen;herstellen;microbieel;perenpercelen;rendabiliteit;samenwerking;stemphyliumpopulatie;stressfactoren;telers;zwartvruchtrot	62	Detected non-EN metadata language: nl
683f0d77ad0aaa69190ba375	Technische fiche van de ISARIA – FRITZMEIER & CROPXPLORER techniek	nl	5	5	3	5	18	22	4	1	5	1	11	14	2	1	1	1	5	6		crop		2.0	3	2	5	12.0	15	biomassa;kunstmeststrooier;realtime;stikstofbehoefte;veldspuit	57	Detected non-EN metadata language: nl
683efcade3352e0916cd17e1	Procesoptimalisatie bij witloofteelt	nl	5	5	4	5	19	24	1	1	4	1	7	9	0	1	1	0	2	2				2.0	3	2	5	12.0	15	brown;lean;paper;witloof	50	Detected non-EN metadata language: nl
6716a9fdaac3c7a5580d7de9	FERTINNOWA's technologie database!	en	5	5	4	5	19	24	5	1	5	1	12	15	0	1	1	0	2	2				2.0	3	2	3	10.0	12	database	53	
65f976e8137e1cd60be193df	OG_Pocketboer II: Tips & tricks van en voor pocketboeren	en	5	5	4	5	19	24	3	1	5	1	10	12	0	1	1	0	2	2				2.0	3	2	3	10.0	12	biogas	50	
68703e41daff72a695637398	Fijnstofafvang door stadsbomen: effectieve soorten in Vlaamse stedelijke omgevingen	nl	5	5	5	5	20	25	5	1	5	3	14	18	0	1	1	0	2	2				2.5	4	2	5	13.5	17	bladkarakteristieken;bladvorm;de;depositiesnelheid;effectieve;fijnstofafvang;groen;hitteeilandeffect;luchtverontreiniging;sierheestersbomen;stad;stedelijk;verstedelijking;vlaanderen	62	Detected non-EN metadata language: nl
687041c8daff72a695637495	Implementatie van Controlled Traffic Farming (CTF) op middelgrote biologische boerderijen: een SWOT-analyse en implementatieplan.	nl	5	5	5	5	20	25	5	1	5	3	14	18	0	1	1	0	2	2				2.5	4	2	5	13.5	17	biologische;bodem;boerderijniveau;compactie;controlled;ctf;ctfimplementatieplan;de;en;farming;implementatie;landbouw;onderzoek;ontwikkeling;op;rijpaden;swotanalyse;traffic;van;vaste	62	Detected non-EN metadata language: nl
68703e328811632f7cf20293	Verbetering van Rassenonderzoek en Vernieuwing in de Fruitteelt	nl	5	5	5	4	19	24	5	1	5	3	14	18	0	1	1	0	2	2				2.5	4	2	5	13.5	17	commerciële;communicatie;en;evaluaties;fruitteelt;klantgerichtheid;nichemarkten;rassenonderzoek;rassenvernieuwing;rendabiliteit;technische;transparante;variëteiten	61	Detected non-EN metadata language: nl
684fecd30eb936885f93d776	Soybean and methane reduction in organic ruminants?	en	5	5	5	5	20	25	5	1	4	1	11	14	2	1	1	1	5	6		dairy		2.0	3	2	5	12.0	15	biologische;emissie;klimrek;melkveebedrijven;methaan;rantsoenveranderingen;tool	60	
687041d78811632f7cf20392	Vlaamse Eiwitboeren	nl	3	5	5	1	14	18	4	1	5	1	11	14	0	1	1	0	2	2				1.0	3	0	5	9.0	11	geen;het;van	45	Detected non-EN metadata language: nl
68703feb497da684268dac76	BeBoB - Beheersing van Bodemplagen in Beschermde Bladgewassen	nl	5	5	5	5	20	25	5	1	5	3	14	18	2	1	1	1	5	6		crops;soil		2.5	4	0	5	11.5	14	bestrijders;biologische;bodemplagen;compostbemesting;gewasbeschermingsstrategie;geïntegreerde;ipm;kostenbatenanalyse;monitoring;plaagbiologie;springstaarten;tweevleugeligen;varenrouwmuggen	63	Detected non-EN metadata language: nl
660196c4b1522f5a27c7b295	Kleinschalige vergisting - Mogelijkheden en kansen voor de landbouw	nl	1	5	0	5	11	14	1	1	2	1	5	6	2	1	1	1	5	6		manure		0.0	2	1	5	8.0	10	anaerobic;biogas;digestate;digestion;pocket	36	Detected non-EN metadata language: nl
671f8705bbe71983a021c3dd	Valorisatie serreloof composteren	nl	1	5	5	1	12	15	3	1	5	0	9	11	0	1	1	0	2	2				0.0	2	0	1	3.0	4		32	Detected non-EN metadata language: nl
66704977eae64a688c6e520a	PocketPower: Webinar kleinschalige vergisting - groentesector 2020	en	1	5	5	1	12	15	5	1	5	0	11	14	0	1	1	0	2	2				0.0	2	0	1	3.0	4		35	
6627218209ab01702bcaae5a	PocketPower: Webinar kleinschalige vergisting - varkenssector 2020	en	1	5	5	1	12	15	5	1	5	0	11	14	0	1	1	0	2	2				0.0	2	0	1	3.0	4		35	
660e6b46c1ef7c16f625058a	OG_Grass2Algae: valorisation of grass juice for growing microalgae as an additional source of income for farmers	en	1	5	5	1	12	15	4	1	5	0	10	12	0	1	3	0	4	5			fertiliser	0.0	2	0	1	3.0	4		36	
67dadb54742225748a71a026	Grass-corn systems with high protein autonomy: it’s possible.	en	5	5	3	3	16	20	1	1	5	1	8	10	0	1	1	0	2	2				2.0	3	2	5	12.0	15	de;la;loire;pays;protein;terunic	47	
67ee43c96bf3ffbacd53afb2	Nitrogen inputs for the pasture	en	5	5	3	5	18	22	1	1	5	0	7	9	0	3	5	0	8	10	pasture		pasture;soil	2.0	2	2	1	7.0	9		50	
67dc3bfb8da88c36dae4031b	Poster Presentation of the FRUGAL Project - Urban Forms and Food Governance	en	5	5	3	5	18	22	1	1	5	1	8	10	0	1	1	0	2	2				2.0	3	2	3	10.0	12	frugal	46	
679a514a2d903ab30c8f0a52	Recherche d’indicateurs de résilience des troupeaux laitiers	fr	5	5	4	5	19	24	1	1	5	1	8	10	0	1	1	0	2	2				2.0	3	2	5	12.0	15	indicateurs;lactation;laitière;production;résilience;vache	51	Detected non-EN metadata language: fr
67e67e61d6084bce00c2ed72	Food Short Circuits: Tools for Better Action - Practical guide for development agents	en	1	5	0	5	11	14	1	1	1	1	4	5	0	1	1	0	2	2				0.0	2	2	5	9.0	11	action;agents;circuits;food;local;marketing	32	
67dc39d08da88c36dae402e6	Presentation of the FRUGAL project - Urban Forms and Food Governance	en	5	5	3	5	18	22	1	1	5	1	8	10	0	1	1	0	2	2				2.0	3	2	3	10.0	12	frugal	46	
67e1367a0eaf15c54c2e5173	Produce drought-resistant annual forages	en	5	5	3	5	18	22	1	1	4	0	6	8	0	1	1	0	2	2				2.0	2	2	1	7.0	9		41	
67eea44daa46108e2c765507	Producing forage: at what cost?	en	5	5	4	5	19	24	1	1	5	0	7	9	0	1	3	0	4	5			pasture	2.0	2	2	1	7.0	9		47	
67d7f6b9a11283a97a293e84	Grazing Year-Round: Is It Possible? Summary of 3 Years of Monitoring 2019-2021	en	3	5	3	3	14	18	1	1	4	1	7	9	2	3	5	1	11	14	grazing	rumen	grazing;milk	1.0	3	1	1	6.0	8		49	
67c8629c05c5a5fadf7b3487	Advantages and disadvantages of integrating Conservation Agriculture techniques in vegetable crops	en	5	5	3	4	17	21	1	1	5	1	8	10	0	3	5	0	8	10	crops		crops;soil	2.0	3	2	5	12.0	15	conservation;techniques	56	
67cec84f8c2025d4194644e2	Mixed Grazing : Horses and Cattle	en	5	5	4	5	19	24	1	1	5	0	7	9	2	3	3	1	9	11	grazing	rumen	grazing	2.0	2	2	1	7.0	9		53	
67dc380e8da88c36dae402cc	Urban forms and food governance	en	1	5	2	5	13	16	1	2	4	1	8	10	0	1	1	0	2	2				0.0	3	2	4	9.0	11	caen;distribution	39	
6716c901209cd9bd370e62f2	Policy Brief 'Communication'	en	5	5	4	5	19	24	1	2	5	1	9	11	0	1	1	0	2	2				2.0	3	3	5	13.0	16	communication;productivity;sheep	53	
67ee9ed06bf3ffbacd53ba6d	Optimizing the diet with haylage	en	5	5	4	5	19	24	1	1	5	1	8	10	0	1	1	0	2	2				2.0	3	2	1	8.0	10		46	
67dbce0e22ae452a2bf074bc	Presentation of the Terunic Project	en	5	5	3	1	14	18	1	1	5	1	8	10	0	1	1	0	2	2				2.0	3	2	4	11.0	14	protein;terunic	44	
67ee497f6bf3ffbacd53b086	How to perform a fecal examination?	en	5	5	4	5	19	24	1	2	5	1	9	11	2	1	5	1	9	11		lame	manure	2.0	3	2	1	8.0	10		56	
67d00a92d2f3ec5aa09a1c9c	Producing winter fava beans in association for a grain harvest in organic farming	en	5	5	2	4	16	20	1	1	5	1	8	10	0	1	1	0	2	2				2.0	3	2	5	12.0	15	adaptations;association;impact	47	
67e41aae0d15cf76679d589c	State of play on lighting in buildings	en	5	5	3	5	18	22	1	1	4	1	7	9	2	1	5	1	9	11		animal	cows;dairy	2.0	3	2	3	10.0	12	conditions	54	
67bf107afc604b380dbad739	Direct seeding under permanent vegetal cover.	en	5	5	3	1	14	18	1	1	5	1	8	10	0	1	1	0	2	2				2.0	3	2	5	12.0	15	direct;permanent	45	
67e124d30eaf15c54c2e5051	Pasture management and introduction of grain mixtures	en	5	5	4	3	17	21	1	1	5	1	8	10	0	3	5	0	8	10	pasture		dairy;pasture;soil	2.0	3	3	5	13.0	16	grain;production	57	
672a482d3bfac87abd6a93fa	Video : réparer la terre - une agriculture de régénaration	en	1	5	5	5	16	20	5	1	5	2	13	16	0	1	3	0	4	5			crop	2.0	3	0	1	6.0	8		49	
67bc78367e17de31ed863d16	The Various Applications of Potato Cultivation	en	1	5	5	3	14	18	3	1	5	1	10	12	0	1	5	0	6	8			crop;soil	0.0	3	0	4	7.0	9	rotation;techniques	47	
68b02e8d818735b7dadf2708	Recupero antiche varietà di olivo in Emilia-Romagna	it	5	5	4	5	19	24	1	1	5	1	8	10	0	1	1	0	2	2				2.0	3	3	5	13.0	16	biodiversità;dieta;extravergine;genotipi;locali;mediterranea;olio;olivicoltura	52	Detected non-EN metadata language: it
6879f4e17515ec9f32050d2e	Studi È stato verificato il grado di fattibilità economica e di scalabilità del progetto. In secondo luogo si è predisposta una valutazione più ampia della…	it	5	5	4	4	18	22	3	1	5	3	12	15	2	1	1	1	5	6		crops		2.5	4	2	5	13.5	17	biochar;degli;del;delle;di;economica;esternalità;farine;fattibilità;impianti;localizzazione;per;pirogassificazione;positive;processo;progetto;proteiche;ramaglie;scalabilità;scarti;sostenibilità;sperimentati;trattamento;valorizzazione;zootecnico	60	Detected non-EN metadata language: it
6870f629df79b57710cff4c9	Sviluppo di nuovi prodotti lattiero-caseari ad alto contenuto nutrizionale con packaging innovativo.	it	5	5	4	4	18	22	5	1	5	3	14	18	2	1	1	1	5	6		cow;dairy		2.5	4	0	5	11.5	14	analisi;consumer;contenuto;del;di;filiera;goi;latte;lattierocaseari;mercato;nutrizionale;nutrizionali;packaging;peculiarità;prodotti;progettazione;sensoriale;test	60	Detected non-EN metadata language: it
6620cd7c0beeac6e7e385170	SOS Aquae: The role of conservation tillage and renewable fertilizer to enhance organic carbon and nitrogen in the soil	en	5	5	5	4	19	24	4	1	5	1	11	14	2	5	1	3	11	14	fertilizer;soil	crop;soil		2.0	3	2	1	8.0	10		62	
6780fb2dc19c60b2c8336fcf	Upscaling quality of drinking water_Val Tidone	en	5	5	3	5	18	22	5	1	5	1	12	15	0	1	1	0	2	2				2.0	3	2	3	10.0	12	water	51	
68b04607a408fb38e046e1ac	Prodotti ad alto valore aggiunto dagli ortaggi	it	5	5	4	5	19	24	3	1	5	1	10	12	0	1	1	0	2	2				2.0	3	2	5	12.0	15	20;fibre;lignocellulosiche;malte;orticoltura	53	Detected non-EN metadata language: it
6870f3f67cece0fb2e16349d	Valutazione e buone pratiche di mitigazione delle emissioni nel settore biologico.	it	3	5	5	5	18	22	5	2	5	3	15	19	0	1	1	0	2	2				1.5	3	0	5	9.5	12	azione;biologico;buone;dei;delle;emissioni;frutticolo;mitigazione;pratiche;progetto;risultati;valutazione;zootecnico	55	Detected non-EN metadata language: it
6870f314f7e0c8e6439f1b3f	Divulgazione e Trasferimento per Implementazione Rete PEI nell'Agricoltura Appenninica	it	5	5	4	5	19	24	5	1	5	3	14	18	0	1	1	0	2	2				2.5	4	2	5	13.5	17	agricole;canali;commercializzazione;comunicazione;di;disseminazione;distribuzione;divulgazione;eventi;innovative;locali;pei;pratiche;prodotti;rete;scientifica;trasferimento;via	61	Detected non-EN metadata language: it
68a71a07bec44fb8dfd37e7e	Innovazione nella filiera del pioppo	it	5	5	0	5	15	19	3	1	5	2	11	14	0	1	1	0	2	2				2.0	2	2	5	11.0	14	ambientale;chain;filiera;impatto;pefc;pioppo;software;supply;sviluppo	49	Detected non-EN metadata language: it
661f72930beeac6e7e3810c2	STRUVITE extraction from pig slurry	en	5	5	3	5	18	22	3	1	5	1	10	12	0	3	1	0	4	5	slurry			2.0	3	2	5	12.0	15	ghg;recovery;struvite	54	
6870f6c0f7e0c8e6439f1b8a	Minimizzazione emissioni di ammoniaca e gas serra nel trattamento del digestato in aziende di bovini da latte per Parmigiano-Reggiano	it	5	5	5	5	20	25	5	1	5	3	14	18	0	1	1	0	2	2				2.5	4	0	5	11.5	14	agronomica;ammoniaca;anaerobica;analisi;applicazione;carbonica;del;di;digestato;digestione;emissioni;gas;gestione;impronta;lca;parmigianoreggiano;separazione;serra;solidoliquido;trattamento	59	Detected non-EN metadata language: it
6870f390f7e0c8e6439f1b4f	Razionalizzazione della filiera produttiva caprina in Basilicata: nuovo modello organizzativo, tecniche e prodotti innovativi	it	5	5	5	5	20	25	5	1	5	3	14	18	2	1	1	1	5	6		milk		2.5	4	2	5	13.5	17	caprina;caseari;commerciali;commercializzazione;di;filiera;innovazione;integrata;modello;organizzativo;prodotti;produttiva;strategie;tecniche;trasformazione	66	Detected non-EN metadata language: it
6716b202209cd9bd370e5c1a	Technologies Innovation Workshop	en	3	5	3	5	16	20	1	2	5	1	9	11	0	1	5	0	6	8			crop;livestock	2.0	3	0	5	10.0	12	innovative;sfsc;short;supply	51	
6870f23af7e0c8e6439f1b2f	Produzione di funghi micorrizici arbuscolari per il progetto Fertibio: serra e coltivazione pomodori Rio Grande.	it	5	5	5	4	19	24	5	1	5	4	15	19	2	1	1	1	5	6		crops		3.0	5	0	5	13.0	16	agostini;agricola;amf;arbuscolari;azienda;di;fertibio;funghi;le;micorrizici;mix;piantine;pomodoro;prata;produzione;progetto;sabbia;serra;substrato;suolo;torba	65	Detected non-EN metadata language: it
6870f6b27cece0fb2e1634cd	Impianti di luppolo in Toscana: valutazione delle performances e guida alla coltivazione	it	3	5	5	4	17	21	4	1	5	4	14	18	0	1	1	0	2	2				2.0	5	0	5	12.0	15	ambientale;autoctone;autoctono;birrificazione;coltivazione;coni;dei;del;germoplasma;idrica;luppolo;nutraceutiche;qualità;sostenibilità;toscana	56	Detected non-EN metadata language: it
687a499ca8eeff436742bb24	Coltivare con il biogas in Regione Toscana - Progetto SmartGas	it	1	5	5	4	15	19	5	1	5	1	12	15	0	1	3	0	4	5			soil	1.0	3	0	3	7.0	9	biogas	48	Detected non-EN metadata language: it
683ebe16e3352e0916cd0f90	Endbericht Agroforst in Österreich	en	1	5	3	5	14	18	1	1	4	1	7	9	0	1	1	0	2	2				0.0	3	0	5	8.0	10	agroforestry;eip;project;sustainable	39	
68414591e3352e0916cd5a70	Feigen Sorten im Versuch	en	5	5	4	5	19	24	3	1	5	1	10	12	0	1	1	0	2	2				2.0	3	2	5	12.0	15	feigen;sorten;versuch	53	
6840128b6b2cf04eb47f6fd0	FitFarmers: Digital Innovation Academy for Sustainable Agriculture	en	5	5	4	5	19	24	3	1	5	1	10	12	0	1	1	0	2	2				2.0	3	2	3	10.0	12	innovative	50	
683eaef86b2cf04eb47f4fc0	Physiologisches Tierwohl-Mess- und Management-System für Milchrinder	en	5	5	4	5	19	24	1	1	5	1	8	10	0	1	1	0	2	2				2.0	3	2	5	12.0	15	ampel;daten;managementsystem;milchrinder;physiologische;tierwohl	51	
683eb0976b2cf04eb47f4ff0	Innovative Schlachtverfahren für Rinder	en	5	5	4	5	19	24	1	2	5	1	9	11	0	1	1	0	2	2				2.0	3	2	4	11.0	14	rinder;schlachtverfahren	51	
684139bbad0aaa69190be430	Legumes to build up humus	en	5	5	4	4	18	22	1	1	5	1	8	10	0	1	1	0	2	2				2.0	3	2	5	12.0	15	fruchtfolge;humusaufbau;leguminosen	49	
68418a43e3352e0916cd624b	GIS ELA FMIS Übersicht	de	1	5	5	1	12	15	5	1	5	0	11	14	0	1	1	0	2	2				0.0	2	0	1	3.0	4		35	Detected non-EN metadata language: de
67595b11bdc10d03abfbadfe	PIG HEALTH – Lern-Netzwerk zur Reduzierung des Antibiotikaeinsatzes in der Schweineproduktion	de	5	5	3	5	18	22	1	1	5	1	8	10	0	1	1	0	2	2				2.0	3	2	5	12.0	15	health;hygiene;pig	49	Detected non-EN metadata language: de
683ecf87e3352e0916cd11df	Agroforst – von der Idee bis zur Umsetzung	en	1	5	5	4	15	19	5	1	5	3	14	18	0	1	1	0	2	2				2.0	4	0	1	7.0	9		48	
6841847de3352e0916cd622d	GIS ELA App Installation and Usage	en	1	5	5	4	15	19	5	1	5	2	13	16	0	1	1	0	2	2				1.5	3	0	4	8.5	11	app;ela	48	
684183d1e3352e0916cd622a	Teil 4 – Düngekarte mit GIS ELA Erweiterung erstellen	de	1	5	5	4	15	19	5	1	5	3	14	18	0	1	1	0	2	2				2.5	4	0	3	9.5	12	gis	51	Detected non-EN metadata language: de
684182abe3352e0916cd6222	Teil 3 – QGIS herunterladen und installieren, GIS ELA Erweiterung installieren	de	1	5	5	5	16	20	5	1	5	3	14	18	0	1	1	0	2	2				2.0	4	0	3	9.0	11	gis	51	Detected non-EN metadata language: de
685543c50eb936885f954882	Precyzyjna detekcja wymienia i nóg krowy: wykorzystanie danych z platformy Roboflow w treningu modelu YOLOv8	pl	5	5	4	5	19	24	1	1	5	2	9	11	0	1	1	0	2	2				2.0	3	2	5	12.0	15	detekcji;hodowla;monitorowanie;roboflow;yolov8;zwierząt	52	Detected non-EN metadata language: pl
6878c8d46f7e62fc8a0bb9a4	Opracowanie szybkiego testu na aktywność peroksydazy i zoptymalizowanej dzięki temu technologii blanszowania.	pl	5	5	2	5	17	21	1	2	5	1	9	11	0	1	1	0	2	2				2.0	3	2	5	12.0	15	groch;peroksydaza;szybki;test	49	Detected non-EN metadata language: pl
687609d3e4df4f63e71d86e5	Zarządzanie i innowacje w produkcji oraz przechowalnictwie żywności	pl	1	5	5	1	12	15	5	1	5	0	11	14	0	1	1	0	2	2				0.0	2	0	1	3.0	4		35	Detected non-EN metadata language: pl
683d9d5f98f3b7689f8c2a0f	Przykrywanie miejsc przechowywania gnojowicy	pl	5	5	4	4	18	22	1	1	5	1	8	10	2	1	1	1	5	6		animal;livestock;manure;slurry		2.0	3	2	4	11.0	14	ghg;przechowywanie	52	Detected non-EN metadata language: pl
6852a9ec0eb936885f94d496	Report on the implementation of the Operational Group Project	en	1	5	3	5	14	18	1	1	4	1	7	9	2	1	1	1	5	6		mastitis;udder		0.0	3	0	5	8.0	10	algorytmy;badania;detekcja;obrazu;segmentacja;temperatury;zwierząt	43	
684beae3324203c32ebec341	Sprawozdanie z badań dotyczących poprawy efektywności odchowu cieląt pochodzących z zakupu ze stad mlecznych	pl	5	5	4	5	19	24	1	1	5	1	8	10	0	1	1	0	2	2				2.0	3	2	5	12.0	15	cieląt;cielęta;gospodarstwa;wołowego;żywca	51	Detected non-EN metadata language: pl
685534c80eb936885f9547b6	Opracowanie systemu rozpoznawania zwierząt z wykorzystaniem uczenia maszynowego	pl	5	5	4	5	19	24	1	1	5	1	8	10	0	1	3	0	4	5			animal	2.0	3	0	5	10.0	12	yolov8;zwierząt	51	Detected non-EN metadata language: pl
68383aa8ca69681aaab93815	Zwiększenie uwilgotnienia i podniesienie zwierciadła wód	pl	5	5	4	5	19	24	1	1	5	1	8	10	0	1	1	0	2	2				2.0	3	2	5	12.0	15	ekstensywne;tuz;wód	51	Detected non-EN metadata language: pl
68382443bd07aa86854e43a2	Optymalizacja odczynu gleby – wapnowanie	pl	5	5	4	5	19	24	1	1	5	1	8	10	2	1	1	1	5	6		soil		2.0	3	2	5	12.0	15	gleby;odczyn;wapnowanie	55	Detected non-EN metadata language: pl
6842e2e2ad0aaa69190c0c65	Model przyrostu masy roślinnej	en	3	5	4	5	17	21	3	1	5	1	10	12	0	1	1	0	2	2				1.0	3	0	1	5.0	6		41	
684173306b2cf04eb47f9a6c	Kalkulator GHG	pl	1	5	5	4	15	19	5	1	5	1	12	15	0	1	1	0	2	2				0.0	3	0	3	6.0	8	ghg	44	Detected non-EN metadata language: pl
6836e15bbd07aa86854e3331	Guia de Boas Práticas para a Gestão de Infestantes em Culturas Hortoindustriais	en	1	5	2	5	13	16	1	2	3	1	7	9	2	1	1	1	5	6		crop;crops;herbicide;maize;soil;wheat		0.0	2	0	5	7.0	9	farming;management;sustainable	40	
686e553b497da684268d9f38	Preservar a qualidade na Carne Arouquesa	pt	5	5	3	5	18	22	1	1	5	2	9	11	2	1	3	1	7	9		animal	animal	2.0	3	2	5	12.0	15	animal;arouquesa;carne;de;imagem;produção;suplemento	57	Detected non-EN metadata language: pt
686e1fd5497da684268d9dda	MaisSolo	en	5	5	4	5	19	24	1	1	5	1	8	10	2	1	3	1	7	9		animal	crops	2.0	3	2	1	8.0	10		53	
6846c39f324203c32ebe74d1	Análise Foliar	en	5	5	4	3	17	21	3	1	5	1	10	12	0	1	1	0	2	2				2.0	3	0	3	8.0	10	foliar	45	
6836dc65bd07aa86854e32e7	TECHNICAL DOCUMENTATION TO SUPPORT DISSEMINATION ACTIONS	en	5	5	2	5	17	21	1	4	5	1	11	14	0	1	1	0	2	2				2.0	3	2	5	12.0	15	agricultural;systems;water	52	
687050d78811632f7cf20710	Location selection&nbsp;&nbsp;&nbsp;&nbsp;&nbsp;&nbsp;&nbsp;&nbsp;&nbsp;&nbsp;&nbsp;&nbsp;&nbsp;&nbsp;&nbsp;&nbsp;&nbsp;&nbsp;&nbsp;&nbsp;&nbsp;&nbsp;&nbsp;…	sl	5	5	4	5	19	24	3	1	5	2	11	14	0	1	1	0	2	2				2.0	3	2	5	12.0	15	gnojenje;gojitvena;korekcija;organske;plastnicah;po;priprava;rez;sadik;sajenje;setev;snovi;trajnostno;trave;varstvo;zemljišča	55	Detected non-EN metadata language: sl
687051a3497da684268db0a6	Pridelava klubske sorte jablan 'Bonita' v Sloveniji: tehnološki ukrepi in trženje	sl	5	5	4	5	19	24	3	1	5	3	12	15	0	1	1	0	2	2				3.0	4	2	5	14.0	18	bonita;eip;jablane;jabolk;pridelava;razvoj;sadjarstva;sorte;tehnološki;trženje;ukrepi	59	Detected non-EN metadata language: sl
68705542daff72a695637920	Odstavitev jagnjet križancev JSRxT: vpliv starosti na prirast in klavne lastnosti	sl	5	5	4	5	19	24	3	1	5	3	12	15	0	1	1	0	2	2				2.5	4	2	5	13.5	17	dokrmljevanje;gospodarnost;jagnjet;jagnjeta;klavne;klavnost;lastnosti;odstavitev;rast;reje;zgodnja	58	Detected non-EN metadata language: sl
687058a6daff72a6956379c5	"Načrtovanje in upravljanje zasebnih gozdov s spletno rešitvijo ""eGozd"	sl	5	5	4	5	19	24	1	1	5	3	10	12	0	1	1	0	2	2				2.5	4	2	5	13.5	17	digitalizacija;gozdne;gozdovi;načrtovanje;podatkov;posesti;poslovnih;procesov;rešitev	55	Detected non-EN metadata language: sl
687053a98811632f7cf207b7	Vključevanje zrnatih stročnic v prehrano: Promocija in optimizacija prehranske vrednosti	sl	5	5	4	5	19	24	1	1	5	3	10	12	0	1	1	0	2	2				2.5	4	3	5	14.5	18	fermentacija;natto;promocija;stročnice;tempeh;zrnate	56	Detected non-EN metadata language: sl
6847cef3f381c3f57370bce9	Developing a Vegetative Propagation Process for Promising Leuce-Poplar Clones in Disadvantaged Sites	en	5	5	4	5	19	24	1	1	5	1	8	10	0	1	1	0	2	2				2.0	3	0	5	10.0	12	disadvantaged;leucepoplar;propagation;sites;vegetative	48	
68418b466b2cf04eb47f9c94	ÖZÖNNÖVÉNYEK VISSZASZORÍTÁSA LEGELTETÉSSEL	hu	3	5	3	5	16	20	1	1	5	1	8	10	0	1	5	0	6	8			animal;husbandry	2.0	3	0	1	6.0	8		46	Detected non-EN metadata language: hu
66cdd28945168fd6c4c8182a	A tej értéknövelése: az A2A2 béta-kazein genotípus Idézet	hu	5	3	4	4	16	20	1	1	5	1	8	10	0	1	1	0	2	2				2.0	3	2	3	10.0	12	a2a2	44	Few keywords (<2); Detected non-EN metadata language: hu
674877fce4a7b8258bc6f301	Sweet potato production	en	1	5	5	1	12	15	5	1	5	1	12	15	0	1	5	0	6	8			crop	0.0	3	0	1	4.0	5		43	
671fa176bbe71983a021d2f0	Tervezesi utmutato farmbemutatokhoz	hu	3	5	0	5	13	16	1	1	5	1	8	10	0	1	1	0	2	2				1.0	2	0	5	8.0	10	bemutató;mezőgazdasági;szervezet;tevékenység	38	Detected non-EN metadata language: hu
6716ba37aac3c7a5580d8629	Identifying Solutions Innovative and Good Practices	en	5	5	4	5	19	24	1	2	5	1	9	11	2	1	1	1	5	6		animal		2.0	3	2	3	10.0	12	colostrum	53	
670635b552b4114f8290142a	OG_Traditional Romanian apple in organic farming	en	5	3	4	3	15	19	1	2	5	1	9	11	0	1	1	0	2	2				2.0	3	2	1	8.0	10		42	Few keywords (<2)
687a34c37515ec9f32050e30	Principalele rezultate practice estimate ale proiectului sunt:&nbsp; - realizarea unui produs inovativ, inexistent pe piață, necesar atât fermierilor membrii…	ro	5	5	3	1	14	18	1	1	5	3	10	12	0	1	1	0	2	2				2.5	4	2	5	13.5	17	agricol;cooperare;creșterii;de;ecologice;fermieri;inovare;inovativ;legumelor;locuri;muncă;produs;sectorul;uvb;în	49	Detected non-EN metadata language: ro
66224e9d0beeac6e7e38844a	Parteneriate reușite: Ghid	ro	3	5	2	5	15	19	1	1	5	1	8	10	2	1	1	1	5	6		animal		2.0	3	0	1	6.0	8		43	Detected non-EN metadata language: ro
6716b987aac3c7a5580d85cc	Identifying Solutions Innovative and Good Practices	en	5	5	4	5	19	24	1	2	5	1	9	11	2	1	1	1	5	6		animal		2.0	3	2	1	8.0	10		51	
6707e0ea52b4114f82905594	OG_Best practice guide for honey processors	en	1	5	5	3	14	18	5	3	5	1	14	18	0	1	1	0	2	2				0.0	3	0	1	4.0	5		43	
68429477ad0aaa69190c04d1	Final report of the 'COWOW Industrial Study on Artificial Intelligence-Based Systems' project	en	3	5	2	5	15	19	1	2	5	1	9	11	2	1	1	1	5	6		cow;cows;dairy;milk		1.0	2	1	5	9.0	11	biosignāls;izstrāde;mastīta;piena;sistēmas	47	
68418c03ad0aaa69190bec81	ELFLA project: Innovative dehydration technologies for sapropel use, sapropel-based product application in agriculture and livestock farming	en	1	5	0	5	11	14	1	1	3	1	6	8	2	3	3	3	11	14	livestock	animal;calf;calves;cows;crop;crops;dairy;fertiliser;fertilizer;livestock;milk;rumen;ruminant;soil;veterinary	livestock	0.0	2	0	5	7.0	9	agriculture;dehydration;livestock;sapropel	45	
68418dc2ad0aaa69190bec91	Establishment of a robotic weed control facility	en	1	5	2	5	13	16	1	1	2	1	5	6	2	1	1	1	5	6		crop;crops		0.0	2	0	5	7.0	9	augstas;ierobežošana;lauku	37	
6842951ead0aaa69190c04e8	Sustainable development of Latvian pig production on the basis of antibiotic-free and organic farming	en	5	5	3	5	18	22	1	1	5	1	8	10	2	1	1	1	5	6		animal		2.0	3	2	5	12.0	15	antibiotiku;attīstība;bioloģiskas;brīvas;cūkkopība;ilgtspējīga;pamatiem;saimniekošanas	53	
6842970f6b2cf04eb47fb462	Research of Effective Heat Production and Supply Solutions in Covered Areas	en	1	5	4	5	15	19	5	1	5	4	15	19	0	1	1	0	2	2				2.5	5	0	5	12.5	16	areas;covered;heat;production;solutions	56	
68418e47e3352e0916cd626b	Determination of optimum growing conditions for vegetables using hydroponic cultivation with artificial and natural light	en	1	5	2	5	13	16	1	2	3	1	7	9	2	1	1	1	5	6		crop;crops;fertilizer;soil		0.0	2	0	5	7.0	9	cucumbers;growing;hydroponics;tomatoes	40	
6846b9d09667d5f2b0f54c90	Basis for calculating the carbon footprint of recycled fertilisers	en	5	5	3	5	18	22	1	1	5	1	8	10	2	1	1	1	5	6		fertilizer		2.0	3	2	4	11.0	14	assessment;footprint	52	
6846bda19667d5f2b0f54cc2	Equine intestinal health and welfare: can fresh muskmelon be used to maintain and improve the intestinal health of horses?	en	1	5	5	1	12	15	5	1	5	0	11	14	0	1	1	0	2	2				0.0	2	0	1	3.0	4		35	
6846a6a6324203c32ebe7151	Groundwater mapping at Söderfjärden	en	1	5	2	5	13	16	1	1	3	1	6	8	0	1	1	0	2	2				0.0	3	1	5	9.0	11	grundvatten;kartläggning;mätstation;söderfjärden	37	
6846bf84f381c3f57370b158	IR Sensor for Measuring Leaf Temperature	en	5	5	4	5	19	24	1	1	5	1	8	10	0	1	1	0	2	2				2.0	3	2	4	11.0	14	sensor;vpd	50	
6846b7c69667d5f2b0f54c74	WHAT DATA Project	en	1	5	5	5	16	20	5	1	5	1	12	15	0	1	1	0	2	2				0.0	3	0	5	8.0	10	agricultural;business;data	47	
6842acf7ad0aaa69190c0835	A Closed-Loop Bioactive Material Economy Model	en	3	5	4	5	17	21	3	1	5	1	10	12	0	1	1	0	2	2				1.0	3	0	5	9.0	11	bioactive;economy;eipagri;exchange;innovation;knowledge	46	
66cdd3618bfbbeb036cb778e	Atskirų ūkio KPI / ekonominiai rodikliai, įskaitant sektorių rodiklius, skirtus lyginamajai analizei​	lt	5	5	4	5	19	24	1	1	5	3	10	12	0	1	3	0	4	5			dairy	2.5	4	2	3	11.5	14	kpi	55	Detected non-EN metadata language: lt
6842a3b1ad0aaa69190c0708	Innovative Post Harvesting Technologies to Restore Soil Sustainability	en	5	5	4	5	19	24	4	2	5	2	13	16	2	3	3	3	11	14	soil	soil	soil	2.0	3	3	5	13.0	16	carbon;change;climate;emissions;farmers;mulching;n2o;nutrient;postharvest;qualifications;sequestration;soil;sustainability;technologies;turnover	70	
6842ac74e3352e0916cd7d25	Improvement and Dissemination of Innovative Technologies for Breeding and Maintenance of Larch, Spruce, Birch and Black Alder Plantation Forests	en	5	5	4	3	17	21	1	1	5	2	9	11	0	1	1	0	2	2				2.0	3	0	5	10.0	12	alder;birch;black;breeding;forests;innovative;larch;maintenance;plantation;spruce;technologies	46	
684fda27f34e43f91739abbd	Increasing the Value of Meat Production: Remote Livestock Evaluation System	en	5	5	4	5	19	24	1	1	5	1	8	10	2	3	3	3	11	14	livestock	livestock	livestock	2.0	3	2	5	12.0	15	appeal;assurance;evaluation;independent;livestock;meat;process;production;quality;remote;slaughterhouses	63	
6836c82bbd07aa86854e31aa	Rodinový způsob chovu prasat se zapouštěním kojících prasnic	en	5	5	4	5	19	24	1	1	5	1	8	10	0	1	1	0	2	2				2.0	3	2	5	12.0	15	kojící;prasnice;rodinka;selata	51	
671f7cf8f631654f755108ae	Influence of the type of insemination of the queen bee on her egg-laying activity	en	5	5	4	5	19	24	1	1	5	1	8	10	2	1	1	1	5	6		animal		2.0	3	3	5	13.0	16	activity;apis;artificial;bee;bees;brood;egglaying;group;honey;inseminated;mellifera;natural;quantity;queen;sealed	56	
6846ca3cf381c3f57370b1a0	Possibilities of using digestate from a biogas plant as fertilizer and soil improver	en	1	5	2	5	13	16	1	1	2	1	5	6	2	5	1	4	12	15	fertilizer;soil	barley;crop;fertilizer;manure;slurry;soil;wheat		0.0	3	0	5	8.0	10	bioplinsko;digestat;gnojiva;postrojenje;tla	47	
671f9e00856efe8bda98f2d8	Handbok for utformning av gardsdemonstrationer	sv	1	5	0	5	11	14	1	1	3	1	6	8	2	1	1	1	5	6		soil		0.0	2	0	5	7.0	9	dela;kunskap;organisation	37	Detected non-EN metadata language: sv
683b03b730ea0addf0580d0e	Shanakyle Bog Restoration and Habitat Enhancement EIP Final Project	en	1	3	3	5	12	15	1	4	2	1	8	10	2	1	1	1	5	6		fertiliser;grazing;herbicide;livestock;soil		0.0	3	3	5	11.0	14	biodiversity;conservation;enhancement;habitat;peatland;restoration;rewetting	45	Few keywords (<2)
